Image,Entropy(bits),Avg_Gradient,time/frame
0001_dehazed.png,7.6593,52.3909,0.0200
0002_dehazed.png,7.6446,53.1008,0.0196
0003_dehazed.png,7.6399,52.9965,0.0212
0004_dehazed.png,7.6386,52.972,0.0244
0005_dehazed.png,7.6382,52.9621,0.0237
0006_dehazed.png,7.6379,52.9448,0.0271
0007_dehazed.png,7.6384,52.9432,0.0266
0008_dehazed.png,7.6381,52.9457,0.0259
0009_dehazed.png,7.637,52.9542,0.0242
0010_dehazed.png,7.6367,52.9561,0.0250
0011_dehazed.png,7.6377,52.9729,0.0228
0012_dehazed.png,7.6379,52.9835,0.0254
0013_dehazed.png,7.6453,53.3104,0.0242
0014_dehazed.png,7.641,53.274,0.0192
0015_dehazed.png,7.6413,53.2555,0.0216
0016_dehazed.png,7.6391,53.2413,0.0197
0017_dehazed.png,7.6402,53.2441,0.0260
0018_dehazed.png,7.6397,53.2328,0.0298
0019_dehazed.png,7.6402,53.2402,0.0222
0020_dehazed.png,7.6403,53.2374,0.0218
0021_dehazed.png,7.6405,53.2357,0.0268
0022_dehazed.png,7.6402,53.2406,0.0296
0023_dehazed.png,7.6404,53.249,0.0285
0024_dehazed.png,7.64,53.2565,0.0241
0025_dehazed.png,7.6434,53.4822,0.0275
0026_dehazed.png,7.6386,53.4319,0.0220
0027_dehazed.png,7.6378,53.4247,0.0222
0028_dehazed.png,7.6374,53.414,0.0272
0029_dehazed.png,7.638,53.4185,0.0298
0030_dehazed.png,7.6376,53.4371,0.0265
0031_dehazed.png,7.6372,53.4438,0.0302
0032_dehazed.png,7.6379,53.4608,0.0282
0033_dehazed.png,7.6372,53.4686,0.0239
0034_dehazed.png,7.6368,53.4699,0.0190
0035_dehazed.png,7.6366,53.4647,0.0233
0036_dehazed.png,7.6362,53.4662,0.0276
0037_dehazed.png,7.6425,53.6219,0.0229
0038_dehazed.png,7.639,53.5775,0.0250
0039_dehazed.png,7.6371,53.5477,0.0239
0040_dehazed.png,7.6365,53.5142,0.0202
0041_dehazed.png,7.6351,53.4727,0.0274
0042_dehazed.png,7.6349,53.4463,0.0281
0043_dehazed.png,7.6328,53.4445,0.0248
0044_dehazed.png,7.6318,53.4827,0.0273
0045_dehazed.png,7.629,53.497,0.0278
0046_dehazed.png,7.6261,53.5518,0.0193
0047_dehazed.png,7.6219,53.556,0.0246
0048_dehazed.png,7.618,53.5185,0.0299
0049_dehazed.png,7.6188,53.5962,0.0202
0050_dehazed.png,7.6117,53.4943,0.0205
0051_dehazed.png,7.6041,53.2701,0.0202
0052_dehazed.png,7.601,53.0776,0.0218
0053_dehazed.png,7.5976,52.9929,0.0249
0054_dehazed.png,7.5947,53.0115,0.0273
0055_dehazed.png,7.5951,53.0467,0.0263
0056_dehazed.png,7.596,52.9976,0.0246
0057_dehazed.png,7.5958,52.9405,0.0221
0058_dehazed.png,7.5945,52.9728,0.0213
0059_dehazed.png,7.5956,53.0061,0.0217
0060_dehazed.png,7.6014,52.9888,0.0206
0061_dehazed.png,7.6149,52.876,0.0231
0062_dehazed.png,7.6145,52.8313,0.0272
0063_dehazed.png,7.6173,52.8018,0.0193
0064_dehazed.png,7.6199,52.7708,0.0250
0065_dehazed.png,7.6225,52.7223,0.0195
0066_dehazed.png,7.6234,52.6757,0.0192
0067_dehazed.png,7.6245,52.6531,0.0293
0068_dehazed.png,7.6253,52.6478,0.0273
0069_dehazed.png,7.6269,52.7013,0.0195
0070_dehazed.png,7.6282,52.768,0.0202
0071_dehazed.png,7.6285,52.8056,0.0241
0072_dehazed.png,7.6298,52.8434,0.0260
0073_dehazed.png,7.6371,53.1196,0.0216
0074_dehazed.png,7.6324,53.084,0.0237
0075_dehazed.png,7.6324,53.1247,0.0301
0076_dehazed.png,7.6326,53.1704,0.0299
0077_dehazed.png,7.6336,53.1986,0.0224
0078_dehazed.png,7.6342,53.1994,0.0242
0079_dehazed.png,7.6351,53.2026,0.0196
0080_dehazed.png,7.6351,53.2251,0.0240
0081_dehazed.png,7.6349,53.2569,0.0237
0082_dehazed.png,7.6348,53.2615,0.0243
0083_dehazed.png,7.6349,53.2762,0.0228
0084_dehazed.png,7.6343,53.2699,0.0212
0085_dehazed.png,7.6432,53.5205,0.0258
0086_dehazed.png,7.6366,53.4731,0.0198
0087_dehazed.png,7.6356,53.464,0.0237
0088_dehazed.png,7.636,53.4554,0.0265
0089_dehazed.png,7.6362,53.4578,0.0283
0090_dehazed.png,7.6358,53.454,0.0241
0091_dehazed.png,7.6361,53.448,0.0215
0092_dehazed.png,7.6355,53.4454,0.0260
0093_dehazed.png,7.6359,53.4624,0.0222
0094_dehazed.png,7.6361,53.469,0.0244
0095_dehazed.png,7.6361,53.4793,0.0293
0096_dehazed.png,7.6358,53.4759,0.0208
0097_dehazed.png,7.6451,53.6752,0.0270
0098_dehazed.png,7.6381,53.617,0.0301
0099_dehazed.png,7.6372,53.5994,0.0248
0100_dehazed.png,7.6383,53.5949,0.0203
0101_dehazed.png,7.6373,53.5352,0.0271
0102_dehazed.png,7.6368,53.5512,0.0207
0103_dehazed.png,7.6374,53.5659,0.0282
0104_dehazed.png,7.6391,53.5914,0.0205
0105_dehazed.png,7.6402,53.6221,0.0259
0106_dehazed.png,7.6404,53.6185,0.0193
0107_dehazed.png,7.6407,53.6165,0.0231
0108_dehazed.png,7.6386,53.6051,0.0287
0109_dehazed.png,7.6484,53.6017,0.0212
0110_dehazed.png,7.6441,53.5683,0.0233
0111_dehazed.png,7.6437,53.6041,0.0272
0112_dehazed.png,7.6426,53.5637,0.0191
0113_dehazed.png,7.6422,53.5999,0.0283
0114_dehazed.png,7.6403,53.5807,0.0293
0115_dehazed.png,7.6396,53.4975,0.0223
0116_dehazed.png,7.6392,53.4337,0.0195
0117_dehazed.png,7.6376,53.3693,0.0212
0118_dehazed.png,7.6368,53.2853,0.0193
0119_dehazed.png,7.6349,53.2278,0.0202
0120_dehazed.png,7.6317,52.9787,0.0203
0121_dehazed.png,7.6321,52.8818,0.0278
0122_dehazed.png,7.6249,52.6653,0.0225
0123_dehazed.png,7.6246,52.6541,0.0207
0124_dehazed.png,7.6242,52.6522,0.0276
0125_dehazed.png,7.6236,52.6282,0.0268
0126_dehazed.png,7.6233,52.5964,0.0280
0127_dehazed.png,7.6198,52.6247,0.0223
0128_dehazed.png,7.6175,52.6228,0.0211
0129_dehazed.png,7.6145,52.5708,0.0234
0130_dehazed.png,7.6119,52.647,0.0295
0131_dehazed.png,7.6107,52.5291,0.0232
0132_dehazed.png,7.6108,52.2813,0.0245
0133_dehazed.png,7.6158,52.0355,0.0231
0134_dehazed.png,7.6129,52.0344,0.0197
0135_dehazed.png,7.6139,51.9578,0.0242
0136_dehazed.png,7.6143,52.0206,0.0204
0137_dehazed.png,7.6175,52.0681,0.0283
0138_dehazed.png,7.6169,52.2374,0.0288
0139_dehazed.png,7.6187,52.247,0.0235
0140_dehazed.png,7.6201,52.1837,0.0287
0141_dehazed.png,7.6216,52.1045,0.0265
0142_dehazed.png,7.6218,52.0606,0.0283
0143_dehazed.png,7.623,51.9806,0.0256
0144_dehazed.png,7.6254,51.913,0.0203
0145_dehazed.png,7.6275,51.8746,0.0217
0146_dehazed.png,7.6269,51.8371,0.0198
0147_dehazed.png,7.6235,51.604,0.0301
0148_dehazed.png,7.6219,51.4521,0.0248
0149_dehazed.png,7.6215,51.2987,0.0249
0150_dehazed.png,7.622,51.1946,0.0290
0151_dehazed.png,7.6192,50.8682,0.0196
0152_dehazed.png,7.618,50.7753,0.0229
0153_dehazed.png,7.6179,50.719,0.0276
0154_dehazed.png,7.6181,50.6709,0.0272
0155_dehazed.png,7.6192,50.6459,0.0246
0156_dehazed.png,7.6172,50.5411,0.0257
0157_dehazed.png,7.6199,50.2471,0.0273
0158_dehazed.png,7.6145,50.2112,0.0222
0159_dehazed.png,7.6124,50.2076,0.0191
0160_dehazed.png,7.6111,50.2235,0.0300
0161_dehazed.png,7.6096,50.1735,0.0221
0162_dehazed.png,7.607,50.1304,0.0236
0163_dehazed.png,7.6033,50.1001,0.0290
0164_dehazed.png,7.601,50.1219,0.0290
0165_dehazed.png,7.6002,50.0736,0.0280
0166_dehazed.png,7.5993,50.0437,0.0218
0167_dehazed.png,7.5995,50.0353,0.0280
0168_dehazed.png,7.5986,50.002,0.0196
0169_dehazed.png,7.6053,50.0661,0.0216
0170_dehazed.png,7.6026,50.058,0.0254
0171_dehazed.png,7.6032,50.0287,0.0258
0172_dehazed.png,7.6026,50.0455,0.0244
0173_dehazed.png,7.6032,50.0386,0.0242
0174_dehazed.png,7.6007,49.9949,0.0194
0175_dehazed.png,7.5997,50.0065,0.0200
0176_dehazed.png,7.597,49.8779,0.0287
0177_dehazed.png,7.5968,49.6968,0.0290
0178_dehazed.png,7.5975,49.7259,0.0220
0179_dehazed.png,7.5968,49.765,0.0299
0180_dehazed.png,7.5952,49.8065,0.0293
0181_dehazed.png,7.5993,49.9552,0.0226
0182_dehazed.png,7.5948,49.9177,0.0286
0183_dehazed.png,7.5926,49.8916,0.0191
0184_dehazed.png,7.59,49.9672,0.0266
0185_dehazed.png,7.5899,49.9732,0.0215
0186_dehazed.png,7.5891,49.892,0.0290
0187_dehazed.png,7.5894,49.8109,0.0250
0188_dehazed.png,7.5878,49.7422,0.0227
0189_dehazed.png,7.5881,49.7498,0.0254
0190_dehazed.png,7.5891,49.8048,0.0236
0191_dehazed.png,7.5882,49.8693,0.0272
0192_dehazed.png,7.5873,49.9163,0.0200
0193_dehazed.png,7.5938,50.1308,0.0250
0194_dehazed.png,7.5898,50.0741,0.0262
0195_dehazed.png,7.5886,50.0568,0.0266
0196_dehazed.png,7.5864,50.1078,0.0281
0197_dehazed.png,7.586,50.1606,0.0193
0198_dehazed.png,7.5845,50.1668,0.0227
0199_dehazed.png,7.5815,50.1819,0.0208
0200_dehazed.png,7.579,50.1931,0.0251
0201_dehazed.png,7.5768,50.1741,0.0255
0202_dehazed.png,7.574,50.2147,0.0269
0203_dehazed.png,7.5712,50.2174,0.0274
0204_dehazed.png,7.5673,50.2332,0.0193
0205_dehazed.png,7.5743,50.3417,0.0242
0206_dehazed.png,7.5694,50.3154,0.0204
0207_dehazed.png,7.5699,50.3758,0.0300
0208_dehazed.png,7.5683,50.3884,0.0254
0209_dehazed.png,7.5666,50.3643,0.0243
0210_dehazed.png,7.567,50.3091,0.0258
0211_dehazed.png,7.5674,50.3383,0.0248
0212_dehazed.png,7.5673,50.3937,0.0218
0213_dehazed.png,7.5666,50.4635,0.0262
0214_dehazed.png,7.5664,50.558,0.0254
0215_dehazed.png,7.5671,50.5936,0.0192
0216_dehazed.png,7.5671,50.6366,0.0203
0217_dehazed.png,7.5734,50.9635,0.0231
0218_dehazed.png,7.5683,50.8649,0.0291
0219_dehazed.png,7.5699,50.8212,0.0295
0220_dehazed.png,7.5688,50.8115,0.0281
0221_dehazed.png,7.5701,50.8143,0.0208
0222_dehazed.png,7.5705,50.8401,0.0213
0223_dehazed.png,7.5711,50.8892,0.0297
0224_dehazed.png,7.5717,50.9851,0.0220
0225_dehazed.png,7.574,51.152,0.0278
0226_dehazed.png,7.5743,51.1455,0.0239
0227_dehazed.png,7.5761,51.1326,0.0267
0228_dehazed.png,7.5777,51.1509,0.0279
0229_dehazed.png,7.5863,51.4152,0.0265
0230_dehazed.png,7.581,51.3382,0.0218
0231_dehazed.png,7.5822,51.3421,0.0230
0232_dehazed.png,7.5836,51.3125,0.0298
0233_dehazed.png,7.5844,51.3368,0.0234
0234_dehazed.png,7.5842,51.3121,0.0247
0235_dehazed.png,7.5846,51.2764,0.0259
0236_dehazed.png,7.584,51.2523,0.0202
0237_dehazed.png,7.585,51.2279,0.0213
0238_dehazed.png,7.5864,51.1832,0.0261
0239_dehazed.png,7.587,51.1487,0.0271
0240_dehazed.png,7.5885,51.1177,0.0215
0241_dehazed.png,7.5999,51.3908,0.0247
0242_dehazed.png,7.5968,51.3071,0.0221
0243_dehazed.png,7.5973,51.2557,0.0212
0244_dehazed.png,7.5981,51.2496,0.0211
0245_dehazed.png,7.6006,51.2456,0.0237
0246_dehazed.png,7.6011,51.2061,0.0212
0247_dehazed.png,7.6021,51.1397,0.0276
0248_dehazed.png,7.6015,51.0691,0.0280
0249_dehazed.png,7.6005,51.0108,0.0211
0250_dehazed.png,7.5977,51.0681,0.0198
0251_dehazed.png,7.5946,50.7975,0.0259
0252_dehazed.png,7.5938,50.7413,0.0260
0253_dehazed.png,7.5961,50.7366,0.0240
0254_dehazed.png,7.5938,50.6371,0.0299
0255_dehazed.png,7.5955,50.5207,0.0301
0256_dehazed.png,7.5973,50.4211,0.0191
0257_dehazed.png,7.5989,50.3266,0.0204
0258_dehazed.png,7.5992,50.2733,0.0236
0259_dehazed.png,7.5991,50.2781,0.0244
0260_dehazed.png,7.598,50.306,0.0254
0261_dehazed.png,7.5969,50.3216,0.0252
0262_dehazed.png,7.5968,50.2674,0.0300
0263_dehazed.png,7.5962,50.2572,0.0237
0264_dehazed.png,7.5966,50.1716,0.0216
0265_dehazed.png,7.597,50.152,0.0276
0266_dehazed.png,7.5939,50.0317,0.0246
0267_dehazed.png,7.5944,49.9167,0.0206
0268_dehazed.png,7.5931,49.714,0.0298
0269_dehazed.png,7.5927,49.5362,0.0300
0270_dehazed.png,7.5915,49.2808,0.0292
0271_dehazed.png,7.5948,49.0902,0.0193
0272_dehazed.png,7.5967,49.1471,0.0252
0273_dehazed.png,7.5991,49.237,0.0219
0274_dehazed.png,7.6,49.3425,0.0200
0275_dehazed.png,7.6022,49.4996,0.0233
0276_dehazed.png,7.6041,49.6148,0.0245
0277_dehazed.png,7.6062,49.782,0.0277
0278_dehazed.png,7.6031,49.7882,0.0241
0279_dehazed.png,7.6021,49.8105,0.0243
0280_dehazed.png,7.6019,49.8518,0.0278
0281_dehazed.png,7.6017,49.9098,0.0193
0282_dehazed.png,7.6008,50.0301,0.0246
0283_dehazed.png,7.6003,49.9806,0.0232
0284_dehazed.png,7.5986,50.0388,0.0274
0285_dehazed.png,7.5984,50.0759,0.0286
0286_dehazed.png,7.598,50.0945,0.0276
0287_dehazed.png,7.5996,50.1679,0.0225
0288_dehazed.png,7.5994,50.1989,0.0251
0289_dehazed.png,7.6023,50.5006,0.0247
0290_dehazed.png,7.5997,50.4719,0.0221
0291_dehazed.png,7.5986,50.5063,0.0197
0292_dehazed.png,7.5984,50.5402,0.0223
0293_dehazed.png,7.598,50.5757,0.0296
0294_dehazed.png,7.5971,50.6404,0.0267
0295_dehazed.png,7.5969,50.6842,0.0298
0296_dehazed.png,7.5964,50.7331,0.0269
0297_dehazed.png,7.5954,50.7773,0.0270
0298_dehazed.png,7.5952,50.8235,0.0195
0299_dehazed.png,7.5954,50.8541,0.0289
0300_dehazed.png,7.5945,50.8882,0.0253
0301_dehazed.png,7.6018,51.2932,0.0220
0302_dehazed.png,7.5985,51.2445,0.0208
0303_dehazed.png,7.5978,51.2486,0.0196
0304_dehazed.png,7.5969,51.246,0.0272
0305_dehazed.png,7.5959,51.258,0.0240
0306_dehazed.png,7.5952,51.2929,0.0190
0307_dehazed.png,7.5958,51.3184,0.0275
0308_dehazed.png,7.5951,51.3161,0.0232
0309_dehazed.png,7.5946,51.3341,0.0264
0310_dehazed.png,7.5942,51.3533,0.0207
0311_dehazed.png,7.5944,51.3886,0.0245
0312_dehazed.png,7.5946,51.4063,0.0261
0313_dehazed.png,7.6015,51.7404,0.0274
0314_dehazed.png,7.5981,51.7496,0.0258
0315_dehazed.png,7.5984,51.7489,0.0295
0316_dehazed.png,7.5986,51.7548,0.0298
0317_dehazed.png,7.5987,51.77,0.0213
0318_dehazed.png,7.5983,51.7649,0.0199
0319_dehazed.png,7.5978,51.7652,0.0276
0320_dehazed.png,7.5976,51.7656,0.0262
0321_dehazed.png,7.5974,51.757,0.0290
0322_dehazed.png,7.5962,51.7242,0.0198
0323_dehazed.png,7.5961,51.7202,0.0234
0324_dehazed.png,7.5963,51.7199,0.0265
0325_dehazed.png,7.6025,51.9351,0.0240
0326_dehazed.png,7.5994,51.8827,0.0221
0327_dehazed.png,7.5993,51.876,0.0256
0328_dehazed.png,7.5993,51.8772,0.0271
0329_dehazed.png,7.5982,51.8812,0.0193
0330_dehazed.png,7.5983,51.8986,0.0300
0331_dehazed.png,7.5985,51.9095,0.0209
0332_dehazed.png,7.5975,51.9031,0.0204
0333_dehazed.png,7.5982,51.9227,0.0283
0334_dehazed.png,7.5972,51.9344,0.0215
0335_dehazed.png,7.597,51.937,0.0253
0336_dehazed.png,7.5978,51.9304,0.0285
0337_dehazed.png,7.603,52.1439,0.0291
0338_dehazed.png,7.6,52.0909,0.0285
0339_dehazed.png,7.5993,52.0686,0.0228
0340_dehazed.png,7.5994,52.0596,0.0200
0341_dehazed.png,7.5997,52.0677,0.0302
0342_dehazed.png,7.5993,52.0775,0.0231
0343_dehazed.png,7.5996,52.099,0.0258
0344_dehazed.png,7.5995,52.0913,0.0293
0345_dehazed.png,7.5995,52.0926,0.0221
0346_dehazed.png,7.5987,52.0834,0.0280
0347_dehazed.png,7.5988,52.0776,0.0220
0348_dehazed.png,7.5972,52.0762,0.0196
0349_dehazed.png,7.6018,52.2803,0.0275
0350_dehazed.png,7.5972,52.2143,0.0259
0351_dehazed.png,7.5961,52.083,0.0196
0352_dehazed.png,7.593,52.0469,0.0265
0353_dehazed.png,7.5924,52.0304,0.0205
0354_dehazed.png,7.5919,52.0178,0.0240
0355_dehazed.png,7.5911,52.0161,0.0260
0356_dehazed.png,7.5903,52.0095,0.0294
0357_dehazed.png,7.5883,52.0037,0.0241
0358_dehazed.png,7.5874,51.9978,0.0216
0359_dehazed.png,7.5871,51.9989,0.0263
0360_dehazed.png,7.5866,51.9823,0.0213
0361_dehazed.png,7.5913,51.9842,0.0278
0362_dehazed.png,7.5875,51.9405,0.0201
0363_dehazed.png,7.5859,51.9129,0.0290
0364_dehazed.png,7.5859,51.9177,0.0209
0365_dehazed.png,7.5862,51.9259,0.0296
0366_dehazed.png,7.5862,51.9285,0.0221
0367_dehazed.png,7.5865,51.9207,0.0209
0368_dehazed.png,7.5861,51.9174,0.0269
0369_dehazed.png,7.586,51.9141,0.0237
0370_dehazed.png,7.5857,51.9281,0.0199
0371_dehazed.png,7.5859,51.931,0.0228
0372_dehazed.png,7.586,51.9488,0.0278
0373_dehazed.png,7.5892,52.0873,0.0273
0374_dehazed.png,7.5851,52.0321,0.0236
0375_dehazed.png,7.5849,52.0261,0.0284
0376_dehazed.png,7.5848,52.0168,0.0231
0377_dehazed.png,7.5848,52.0257,0.0291
0378_dehazed.png,7.5848,52.0121,0.0262
0379_dehazed.png,7.5846,52.0167,0.0222
0380_dehazed.png,7.5845,52.0235,0.0272
0381_dehazed.png,7.5847,52.0285,0.0271
0382_dehazed.png,7.5845,52.0267,0.0261
0383_dehazed.png,7.5842,52.0253,0.0266
0384_dehazed.png,7.5831,52.0192,0.0232
0385_dehazed.png,7.5853,52.164,0.0286
0386_dehazed.png,7.5755,52.1946,0.0287
0387_dehazed.png,7.5681,52.0649,0.0238
0388_dehazed.png,7.5609,51.942,0.0292
0389_dehazed.png,7.5567,51.8852,0.0250
0390_dehazed.png,7.5526,51.8101,0.0195
0391_dehazed.png,7.5476,51.7252,0.0207
0392_dehazed.png,7.5419,51.627,0.0232
0393_dehazed.png,7.5382,51.6096,0.0231
0394_dehazed.png,7.5347,51.4759,0.0256
0395_dehazed.png,7.5312,51.3591,0.0223
0396_dehazed.png,7.5286,51.3272,0.0282
0397_dehazed.png,7.5331,51.4667,0.0264
0398_dehazed.png,7.5269,51.4037,0.0252
0399_dehazed.png,7.5265,51.3362,0.0195
0400_dehazed.png,7.525,51.3073,0.0195
0401_dehazed.png,7.5234,51.1143,0.0279
0402_dehazed.png,7.5207,51.0738,0.0215
0403_dehazed.png,7.519,51.0251,0.0283
0404_dehazed.png,7.5176,51.0343,0.0266
0405_dehazed.png,7.5167,51.0791,0.0249
0406_dehazed.png,7.5162,51.058,0.0223
0407_dehazed.png,7.5173,51.1109,0.0302
0408_dehazed.png,7.5216,51.1245,0.0244
0409_dehazed.png,7.5348,51.0247,0.0287
0410_dehazed.png,7.5269,50.8694,0.0268
0411_dehazed.png,7.5244,50.8246,0.0244
0412_dehazed.png,7.5206,50.7739,0.0198
0413_dehazed.png,7.5192,50.7789,0.0198
0414_dehazed.png,7.5205,50.858,0.0241
0415_dehazed.png,7.524,50.9199,0.0226
0416_dehazed.png,7.5247,50.9314,0.0213
0417_dehazed.png,7.5276,50.9013,0.0251
0418_dehazed.png,7.5263,50.841,0.0260
0419_dehazed.png,7.5269,50.7837,0.0247
0420_dehazed.png,7.5278,50.7172,0.0289
0421_dehazed.png,7.5339,50.8092,0.0276
0422_dehazed.png,7.5256,50.6763,0.0196
0423_dehazed.png,7.5265,50.6255,0.0216
0424_dehazed.png,7.5277,50.5725,0.0241
0425_dehazed.png,7.5284,50.5549,0.0229
0426_dehazed.png,7.5279,50.4706,0.0290
0427_dehazed.png,7.5296,50.3727,0.0259
0428_dehazed.png,7.5292,50.2961,0.0289
0429_dehazed.png,7.5278,50.2148,0.0204
0430_dehazed.png,7.5277,50.0416,0.0250
0431_dehazed.png,7.5305,49.9287,0.0289
0432_dehazed.png,7.5311,49.8452,0.0207
0433_dehazed.png,7.5379,50.0008,0.0212
0434_dehazed.png,7.5346,49.9573,0.0295
0435_dehazed.png,7.5347,49.9131,0.0207
0436_dehazed.png,7.5336,49.9174,0.0215
0437_dehazed.png,7.5343,49.9137,0.0213
0438_dehazed.png,7.5346,49.9293,0.0237
0439_dehazed.png,7.535,49.9498,0.0234
0440_dehazed.png,7.5347,49.9576,0.0255
0441_dehazed.png,7.5355,49.9623,0.0242
0442_dehazed.png,7.5353,49.9233,0.0221
0443_dehazed.png,7.5354,49.8865,0.0255
0444_dehazed.png,7.5346,49.8575,0.0248
0445_dehazed.png,7.5442,50.0666,0.0236
0446_dehazed.png,7.5404,50.0214,0.0268
0447_dehazed.png,7.5408,50.0174,0.0292
0448_dehazed.png,7.5405,50.0084,0.0284
0449_dehazed.png,7.541,50.0382,0.0294
0450_dehazed.png,7.5413,50.0964,0.0217
0451_dehazed.png,7.5414,49.9782,0.0231
0452_dehazed.png,7.5389,49.9974,0.0249
0453_dehazed.png,7.5384,50.0683,0.0236
0454_dehazed.png,7.5371,50.1173,0.0208
0455_dehazed.png,7.5355,50.0892,0.0198
0456_dehazed.png,7.5335,50.1061,0.0236
0457_dehazed.png,7.538,50.1553,0.0211
0458_dehazed.png,7.5326,50.0946,0.0289
0459_dehazed.png,7.5326,50,0.0291
0460_dehazed.png,7.5313,49.9426,0.0232
0461_dehazed.png,7.531,49.9161,0.0267
0462_dehazed.png,7.531,49.848,0.0272
0463_dehazed.png,7.5291,49.746,0.0228
0464_dehazed.png,7.5262,49.6851,0.0201
0465_dehazed.png,7.5249,49.6331,0.0269
0466_dehazed.png,7.5227,49.5394,0.0206
0467_dehazed.png,7.5212,49.4975,0.0265
0468_dehazed.png,7.52,49.4495,0.0257
0469_dehazed.png,7.5254,49.6573,0.0224
0470_dehazed.png,7.5198,49.6008,0.0190
0471_dehazed.png,7.5193,49.5738,0.0260
0472_dehazed.png,7.517,49.5191,0.0198
0473_dehazed.png,7.5161,49.479,0.0250
0474_dehazed.png,7.5162,49.4759,0.0226
0475_dehazed.png,7.5147,49.483,0.0208
0476_dehazed.png,7.515,49.4917,0.0293
0477_dehazed.png,7.5146,49.4741,0.0297
0478_dehazed.png,7.514,49.4457,0.0299
0479_dehazed.png,7.5136,49.4129,0.0291
0480_dehazed.png,7.5125,49.4075,0.0249
0481_dehazed.png,7.5191,49.5518,0.0230
0482_dehazed.png,7.5137,49.4878,0.0260
0483_dehazed.png,7.5139,49.4797,0.0289
0484_dehazed.png,7.5124,49.4791,0.0221
0485_dehazed.png,7.5135,49.4878,0.0273
0486_dehazed.png,7.5128,49.4922,0.0226
0487_dehazed.png,7.5133,49.5161,0.0259
0488_dehazed.png,7.5135,49.5254,0.0262
0489_dehazed.png,7.5133,49.5199,0.0275
0490_dehazed.png,7.5129,49.525,0.0278
0491_dehazed.png,7.5127,49.5463,0.0288
0492_dehazed.png,7.5122,49.5582,0.0213
0493_dehazed.png,7.518,49.7356,0.0271
0494_dehazed.png,7.5139,49.6864,0.0261
0495_dehazed.png,7.5146,49.6668,0.0250
0496_dehazed.png,7.5139,49.6608,0.0292
0497_dehazed.png,7.5142,49.6593,0.0282
0498_dehazed.png,7.5135,49.6615,0.0237
0499_dehazed.png,7.5137,49.6724,0.0209
0500_dehazed.png,7.5128,49.6834,0.0212
0501_dehazed.png,7.5115,49.5994,0.0195
0502_dehazed.png,7.5104,49.581,0.0297
0503_dehazed.png,7.5106,49.5934,0.0278
0504_dehazed.png,7.5099,49.5921,0.0301
0505_dehazed.png,7.5173,49.5456,0.0230
0506_dehazed.png,7.5139,49.5061,0.0222
0507_dehazed.png,7.5129,49.4866,0.0225
0508_dehazed.png,7.512,49.4854,0.0233
0509_dehazed.png,7.5116,49.4803,0.0254
0510_dehazed.png,7.5122,49.4977,0.0274
0511_dehazed.png,7.5122,49.4962,0.0234
0512_dehazed.png,7.5119,49.4885,0.0290
0513_dehazed.png,7.5114,49.4997,0.0227
0514_dehazed.png,7.5111,49.5036,0.0224
0515_dehazed.png,7.5115,49.5158,0.0218
0516_dehazed.png,7.5112,49.5187,0.0203
0517_dehazed.png,7.5184,49.7414,0.0286
0518_dehazed.png,7.5157,49.702,0.0236
0519_dehazed.png,7.5151,49.6968,0.0203
0520_dehazed.png,7.5147,49.6935,0.0246
0521_dehazed.png,7.5151,49.6941,0.0261
0522_dehazed.png,7.5143,49.7087,0.0287
0523_dehazed.png,7.5146,49.7091,0.0226
0524_dehazed.png,7.5141,49.7181,0.0267
0525_dehazed.png,7.5144,49.7258,0.0290
0526_dehazed.png,7.5147,49.7382,0.0196
0527_dehazed.png,7.5143,49.7327,0.0287
0528_dehazed.png,7.5138,49.7493,0.0198
0529_dehazed.png,7.5207,49.9121,0.0191
0530_dehazed.png,7.518,49.8601,0.0265
0531_dehazed.png,7.5168,49.8473,0.0285
0532_dehazed.png,7.5169,49.8448,0.0293
0533_dehazed.png,7.517,49.85,0.0259
0534_dehazed.png,7.5171,49.8387,0.0271
0535_dehazed.png,7.5169,49.8478,0.0253
0536_dehazed.png,7.5166,49.8527,0.0293
0537_dehazed.png,7.517,49.8604,0.0258
0538_dehazed.png,7.5161,49.8809,0.0224
0539_dehazed.png,7.5164,49.8911,0.0275
0540_dehazed.png,7.517,49.8959,0.0298
0541_dehazed.png,7.5211,50.0469,0.0218
0542_dehazed.png,7.5174,49.982,0.0297
0543_dehazed.png,7.5171,49.9657,0.0207
0544_dehazed.png,7.5164,49.9755,0.0195
0545_dehazed.png,7.5162,49.9675,0.0198
0546_dehazed.png,7.5167,49.9673,0.0284
0547_dehazed.png,7.5168,49.9493,0.0276
0548_dehazed.png,7.5166,49.9484,0.0264
0549_dehazed.png,7.5166,49.9456,0.0216
0550_dehazed.png,7.5155,49.9384,0.0290
0551_dehazed.png,7.5145,49.8501,0.0289
0552_dehazed.png,7.5144,49.8337,0.0203
0553_dehazed.png,7.5202,49.7047,0.0237
0554_dehazed.png,7.5173,49.6574,0.0239
0555_dehazed.png,7.5167,49.6425,0.0245
0556_dehazed.png,7.517,49.6388,0.0280
0557_dehazed.png,7.5172,49.6298,0.0221
0558_dehazed.png,7.518,49.6282,0.0239
0559_dehazed.png,7.5179,49.6344,0.0239
0560_dehazed.png,7.5181,49.6359,0.0218
0561_dehazed.png,7.5188,49.6359,0.0202
0562_dehazed.png,7.518,49.6206,0.0260
0563_dehazed.png,7.5189,49.6265,0.0200
0564_dehazed.png,7.5186,49.6278,0.0295
0565_dehazed.png,7.5259,49.7675,0.0266
0566_dehazed.png,7.5217,49.7192,0.0287
0567_dehazed.png,7.5223,49.7015,0.0242
0568_dehazed.png,7.5221,49.6967,0.0201
0569_dehazed.png,7.522,49.6959,0.0190
0570_dehazed.png,7.5222,49.7011,0.0263
0571_dehazed.png,7.5223,49.7,0.0190
0572_dehazed.png,7.5211,49.7025,0.0227
0573_dehazed.png,7.5214,49.694,0.0227
0574_dehazed.png,7.521,49.6992,0.0243
0575_dehazed.png,7.5214,49.6925,0.0255
0576_dehazed.png,7.5209,49.6796,0.0288
0577_dehazed.png,7.525,49.819,0.0257
0578_dehazed.png,7.5216,49.7673,0.0255
0579_dehazed.png,7.522,49.7274,0.0196
0580_dehazed.png,7.5217,49.727,0.0250
0581_dehazed.png,7.5216,49.7369,0.0277
0582_dehazed.png,7.5213,49.7333,0.0246
0583_dehazed.png,7.5208,49.744,0.0279
0584_dehazed.png,7.5208,49.7564,0.0193
0585_dehazed.png,7.5204,49.7555,0.0274
0586_dehazed.png,7.5207,49.7647,0.0250
0587_dehazed.png,7.5202,49.7602,0.0258
0588_dehazed.png,7.5196,49.7602,0.0230
0589_dehazed.png,7.5258,49.8775,0.0302
0590_dehazed.png,7.5207,49.819,0.0259
0591_dehazed.png,7.52,49.7958,0.0247
0592_dehazed.png,7.5203,49.7775,0.0256
0593_dehazed.png,7.5197,49.7773,0.0269
0594_dehazed.png,7.5181,49.7818,0.0230
0595_dehazed.png,7.5174,49.7873,0.0297
0596_dehazed.png,7.5161,49.7875,0.0254
0597_dehazed.png,7.516,49.8063,0.0252
0598_dehazed.png,7.5159,49.5667,0.0203
0599_dehazed.png,7.5489,48.4873,0.0193
0600_dehazed.png,7.548,48.3141,0.0275
0601_dehazed.png,7.5619,47.4002,0.0257
0602_dehazed.png,7.5563,47.3731,0.0236
0603_dehazed.png,7.5563,47.3983,0.0242
0604_dehazed.png,7.5554,47.4389,0.0234
0605_dehazed.png,7.5563,47.4874,0.0202
0606_dehazed.png,7.5556,47.5455,0.0299
0607_dehazed.png,7.5553,47.58,0.0218
0608_dehazed.png,7.556,47.6284,0.0262
0609_dehazed.png,7.5563,47.6954,0.0227
0610_dehazed.png,7.5565,47.7712,0.0261
0611_dehazed.png,7.5576,47.8353,0.0277
0612_dehazed.png,7.5577,47.9057,0.0282
0613_dehazed.png,7.5691,48.871,0.0264
0614_dehazed.png,7.5631,48.8518,0.0250
0615_dehazed.png,7.5635,48.8883,0.0219
0616_dehazed.png,7.563,48.9201,0.0291
0617_dehazed.png,7.5625,48.9763,0.0230
0618_dehazed.png,7.5627,49.0383,0.0237
0619_dehazed.png,7.5627,49.103,0.0252
0620_dehazed.png,7.5625,49.166,0.0268
0621_dehazed.png,7.5626,49.2447,0.0200
0622_dehazed.png,7.5627,49.3111,0.0217
0623_dehazed.png,7.5628,49.3623,0.0245
0624_dehazed.png,7.5628,49.4256,0.0284
0625_dehazed.png,7.5753,50.4351,0.0195
0626_dehazed.png,7.571,50.3881,0.0259
0627_dehazed.png,7.5708,50.4024,0.0263
0628_dehazed.png,7.5695,50.4302,0.0255
0629_dehazed.png,7.5695,50.4406,0.0262
0630_dehazed.png,7.5692,50.4419,0.0237
0631_dehazed.png,7.5686,50.4574,0.0289
0632_dehazed.png,7.5682,50.4763,0.0273
0633_dehazed.png,7.5685,50.4974,0.0212
0634_dehazed.png,7.5679,50.533,0.0272
0635_dehazed.png,7.5686,50.5566,0.0302
0636_dehazed.png,7.5679,50.592,0.0245
0637_dehazed.png,7.5773,51.3262,0.0196
0638_dehazed.png,7.5727,51.2831,0.0276
0639_dehazed.png,7.5726,51.2673,0.0207
0640_dehazed.png,7.5717,51.2806,0.0209
0641_dehazed.png,7.5718,51.2904,0.0263
0642_dehazed.png,7.571,51.2912,0.0203
0643_dehazed.png,7.5712,51.3077,0.0204
0644_dehazed.png,7.5712,51.3203,0.0300
0645_dehazed.png,7.5711,51.3325,0.0290
0646_dehazed.png,7.5706,51.3558,0.0203
0647_dehazed.png,7.5705,51.357,0.0261
0648_dehazed.png,7.5704,51.3955,0.0245
0649_dehazed.png,7.5793,51.9158,0.0211
0650_dehazed.png,7.5737,51.8707,0.0267
0651_dehazed.png,7.572,52.0356,0.0232
0652_dehazed.png,7.5702,52.0176,0.0290
0653_dehazed.png,7.5699,51.987,0.0301
0654_dehazed.png,7.5687,51.9697,0.0210
0655_dehazed.png,7.5688,51.9767,0.0262
0656_dehazed.png,7.5682,51.9887,0.0237
0657_dehazed.png,7.5684,51.9974,0.0286
0658_dehazed.png,7.5684,52,0.0202
0659_dehazed.png,7.5682,52.0129,0.0251
0660_dehazed.png,7.5684,52.0372,0.0212
0661_dehazed.png,7.5773,52.4593,0.0244
0662_dehazed.png,7.5723,52.4207,0.0217
0663_dehazed.png,7.5724,52.4149,0.0203
0664_dehazed.png,7.5727,52.4362,0.0246
0665_dehazed.png,7.5728,52.4381,0.0240
0666_dehazed.png,7.5728,52.4472,0.0265
0667_dehazed.png,7.5735,52.4757,0.0234
0668_dehazed.png,7.573,52.4745,0.0209
0669_dehazed.png,7.5727,52.4727,0.0190
0670_dehazed.png,7.5727,52.478,0.0247
0671_dehazed.png,7.5725,52.4793,0.0247
0672_dehazed.png,7.5723,52.4874,0.0203
0673_dehazed.png,7.58,52.7627,0.0221
0674_dehazed.png,7.5746,52.7058,0.0285
0675_dehazed.png,7.5741,52.689,0.0200
0676_dehazed.png,7.5736,52.6835,0.0229
0677_dehazed.png,7.5738,52.6767,0.0264
0678_dehazed.png,7.5738,52.6706,0.0287
0679_dehazed.png,7.5737,52.6751,0.0263
0680_dehazed.png,7.5735,52.6773,0.0232
0681_dehazed.png,7.5737,52.6903,0.0266
0682_dehazed.png,7.5735,52.7092,0.0280
0683_dehazed.png,7.5738,52.7153,0.0262
0684_dehazed.png,7.574,52.7163,0.0251
0685_dehazed.png,7.581,52.9095,0.0196
0686_dehazed.png,7.5752,52.8807,0.0212
0687_dehazed.png,7.5743,52.8657,0.0297
0688_dehazed.png,7.573,52.8566,0.0234
0689_dehazed.png,7.5723,52.8764,0.0267
0690_dehazed.png,7.5711,52.8752,0.0189
0691_dehazed.png,7.5712,52.8656,0.0277
0692_dehazed.png,7.5698,52.8555,0.0261
0693_dehazed.png,7.5698,52.8676,0.0228
0694_dehazed.png,7.5691,52.8767,0.0206
0695_dehazed.png,7.5693,52.8881,0.0208
0696_dehazed.png,7.5679,52.8982,0.0287
0697_dehazed.png,7.5768,53.0559,0.0250
0698_dehazed.png,7.5721,53.0221,0.0267
0699_dehazed.png,7.5723,53.0449,0.0201
0700_dehazed.png,7.5714,53.0697,0.0276
0701_dehazed.png,7.5699,52.9911,0.0201
0702_dehazed.png,7.5672,53.005,0.0200
0703_dehazed.png,7.5663,53.0198,0.0200
0704_dehazed.png,7.5645,53.0018,0.0252
0705_dehazed.png,7.5632,53.014,0.0241
0706_dehazed.png,7.561,53.0084,0.0223
0707_dehazed.png,7.5591,53.0063,0.0199
0708_dehazed.png,7.5575,52.9812,0.0265
0709_dehazed.png,7.5623,52.9662,0.0298
0710_dehazed.png,7.5556,52.8667,0.0277
0711_dehazed.png,7.5542,52.9045,0.0272
0712_dehazed.png,7.5532,52.9093,0.0215
0713_dehazed.png,7.5522,52.9185,0.0298
0714_dehazed.png,7.5507,52.9364,0.0230
0715_dehazed.png,7.5499,52.9249,0.0264
0716_dehazed.png,7.5485,52.8989,0.0282
0717_dehazed.png,7.5479,52.8655,0.0270
0718_dehazed.png,7.548,52.8449,0.0264
0719_dehazed.png,7.5463,52.8283,0.0286
0720_dehazed.png,7.5455,52.8044,0.0194
0721_dehazed.png,7.5547,52.9754,0.0193
0722_dehazed.png,7.55,52.9374,0.0204
0723_dehazed.png,7.5489,52.9249,0.0232
0724_dehazed.png,7.5483,52.9526,0.0271
0725_dehazed.png,7.549,53.0244,0.0275
0726_dehazed.png,7.5497,53.048,0.0203
0727_dehazed.png,7.5494,53.0661,0.0203
0728_dehazed.png,7.5495,53.0805,0.0204
0729_dehazed.png,7.5489,53.0845,0.0253
0730_dehazed.png,7.549,53.0927,0.0294
0731_dehazed.png,7.5493,53.0898,0.0200
0732_dehazed.png,7.5496,53.0849,0.0254
0733_dehazed.png,7.5574,53.3077,0.0257
0734_dehazed.png,7.5531,53.2674,0.0247
0735_dehazed.png,7.5536,53.2574,0.0240
0736_dehazed.png,7.553,53.261,0.0219
0737_dehazed.png,7.5544,53.2691,0.0298
0738_dehazed.png,7.5536,53.2729,0.0267
0739_dehazed.png,7.5543,53.2576,0.0193
0740_dehazed.png,7.5545,53.2641,0.0235
0741_dehazed.png,7.5545,53.2613,0.0208
0742_dehazed.png,7.555,53.264,0.0277
0743_dehazed.png,7.5552,53.2615,0.0237
0744_dehazed.png,7.5558,53.2698,0.0239
0745_dehazed.png,7.5621,53.3876,0.0237
0746_dehazed.png,7.5576,53.3381,0.0258
0747_dehazed.png,7.5569,53.3112,0.0261
0748_dehazed.png,7.5551,53.2962,0.0293
0749_dehazed.png,7.5545,53.3082,0.0266
0750_dehazed.png,7.5532,53.2833,0.0267
0751_dehazed.png,7.5527,53.2081,0.0296
0752_dehazed.png,7.5511,53.1978,0.0195
0753_dehazed.png,7.5509,53.1925,0.0221
0754_dehazed.png,7.55,53.1949,0.0273
0755_dehazed.png,7.5502,53.1966,0.0222
0756_dehazed.png,7.5509,53.216,0.0292
0757_dehazed.png,7.5611,53.1893,0.0243
0758_dehazed.png,7.5562,53.1486,0.0298
0759_dehazed.png,7.5556,53.1107,0.0222
0760_dehazed.png,7.5542,53.1075,0.0198
0761_dehazed.png,7.5539,53.1067,0.0290
0762_dehazed.png,7.5541,53.1101,0.0195
0763_dehazed.png,7.5545,53.1102,0.0219
0764_dehazed.png,7.5537,53.1194,0.0273
0765_dehazed.png,7.5539,53.1191,0.0215
0766_dehazed.png,7.5538,53.1437,0.0250
0767_dehazed.png,7.555,53.1753,0.0246
0768_dehazed.png,7.5547,53.1928,0.0285
0769_dehazed.png,7.5626,53.3948,0.0291
0770_dehazed.png,7.5591,53.3433,0.0224
0771_dehazed.png,7.5579,53.3088,0.0286
0772_dehazed.png,7.5566,53.307,0.0207
0773_dehazed.png,7.557,53.3006,0.0192
0774_dehazed.png,7.5567,53.2952,0.0283
0775_dehazed.png,7.5561,53.2732,0.0199
0776_dehazed.png,7.556,53.2719,0.0278
0777_dehazed.png,7.5561,53.2747,0.0271
0778_dehazed.png,7.5559,53.2663,0.0222
0779_dehazed.png,7.5563,53.2767,0.0220
0780_dehazed.png,7.5554,53.2795,0.0194
0781_dehazed.png,7.5615,53.3659,0.0207
0782_dehazed.png,7.557,53.3099,0.0274
0783_dehazed.png,7.5573,53.2907,0.0261
0784_dehazed.png,7.557,53.2904,0.0239
0785_dehazed.png,7.5578,53.2829,0.0250
0786_dehazed.png,7.5574,53.2732,0.0251
0787_dehazed.png,7.5579,53.2781,0.0254
0788_dehazed.png,7.557,53.2848,0.0231
0789_dehazed.png,7.557,53.2901,0.0213
0790_dehazed.png,7.5572,53.2926,0.0276
0791_dehazed.png,7.5575,53.2912,0.0248
0792_dehazed.png,7.5572,53.2982,0.0299
0793_dehazed.png,7.5639,53.423,0.0274
0794_dehazed.png,7.5604,53.3903,0.0233
0795_dehazed.png,7.5604,53.3689,0.0288
0796_dehazed.png,7.5594,53.365,0.0287
0797_dehazed.png,7.5602,53.3818,0.0269
0798_dehazed.png,7.5601,53.3865,0.0289
0799_dehazed.png,7.5603,53.3845,0.0190
0800_dehazed.png,7.5608,53.3852,0.0223
0801_dehazed.png,7.5605,53.2745,0.0263
0802_dehazed.png,7.5597,53.2553,0.0296
0803_dehazed.png,7.5596,53.2504,0.0264
0804_dehazed.png,7.5598,53.2589,0.0263
0805_dehazed.png,7.5654,53.1636,0.0301
0806_dehazed.png,7.5631,53.1111,0.0262
0807_dehazed.png,7.5625,53.1038,0.0253
0808_dehazed.png,7.5624,53.1095,0.0269
0809_dehazed.png,7.5629,53.1269,0.0195
0810_dehazed.png,7.5629,53.1294,0.0215
0811_dehazed.png,7.5634,53.1396,0.0193
0812_dehazed.png,7.5635,53.1325,0.0268
0813_dehazed.png,7.5644,53.1441,0.0233
0814_dehazed.png,7.5642,53.1354,0.0206
0815_dehazed.png,7.564,53.1355,0.0220
0816_dehazed.png,7.5643,53.1466,0.0285
0817_dehazed.png,7.5706,53.3161,0.0250
0818_dehazed.png,7.5679,53.2602,0.0297
0819_dehazed.png,7.5674,53.2312,0.0251
0820_dehazed.png,7.5677,53.2126,0.0196
0821_dehazed.png,7.5675,53.2266,0.0274
0822_dehazed.png,7.5672,53.2214,0.0208
0823_dehazed.png,7.5675,53.2266,0.0243
0824_dehazed.png,7.5674,53.2212,0.0239
0825_dehazed.png,7.5675,53.2394,0.0282
0826_dehazed.png,7.567,53.2328,0.0272
0827_dehazed.png,7.5664,53.2246,0.0270
0828_dehazed.png,7.5659,53.2151,0.0237
0829_dehazed.png,7.5703,53.3071,0.0222
0830_dehazed.png,7.5677,53.2703,0.0249
0831_dehazed.png,7.5669,53.2559,0.0225
0832_dehazed.png,7.5661,53.2623,0.0198
0833_dehazed.png,7.5662,53.2463,0.0234
0834_dehazed.png,7.5657,53.2483,0.0213
0835_dehazed.png,7.5659,53.2504,0.0210
0836_dehazed.png,7.5659,53.2552,0.0241
0837_dehazed.png,7.5656,53.2403,0.0199
0838_dehazed.png,7.5645,53.2446,0.0244
0839_dehazed.png,7.5642,53.234,0.0300
0840_dehazed.png,7.5643,53.2224,0.0250
0841_dehazed.png,7.5708,53.3133,0.0277
0842_dehazed.png,7.5661,53.2563,0.0202
0843_dehazed.png,7.5649,53.2515,0.0284
0844_dehazed.png,7.5642,53.2317,0.0243
0845_dehazed.png,7.5645,53.2414,0.0279
0846_dehazed.png,7.5647,53.276,0.0252
0847_dehazed.png,7.5645,53.3249,0.0289
0848_dehazed.png,7.5648,53.3031,0.0203
0849_dehazed.png,7.5662,53.1496,0.0269
0850_dehazed.png,7.5675,53.0045,0.0255
0851_dehazed.png,7.5653,52.4338,0.0273
0852_dehazed.png,7.5675,52.3409,0.0259
0853_dehazed.png,7.5712,51.8569,0.0238
0854_dehazed.png,7.5687,51.6911,0.0233
0855_dehazed.png,7.5698,51.4757,0.0232
0856_dehazed.png,7.569,51.3009,0.0270
0857_dehazed.png,7.5696,50.973,0.0256
0858_dehazed.png,7.5686,50.7233,0.0279
0859_dehazed.png,7.567,50.6486,0.0235
0860_dehazed.png,7.5668,50.7491,0.0257
0861_dehazed.png,7.5674,50.7943,0.0190
0862_dehazed.png,7.5675,50.8701,0.0227
0863_dehazed.png,7.5675,50.7819,0.0229
0864_dehazed.png,7.5661,50.8051,0.0268
0865_dehazed.png,7.57,50.56,0.0196
0866_dehazed.png,7.5643,50.4825,0.0246
0867_dehazed.png,7.5623,50.4745,0.0223
0868_dehazed.png,7.5618,50.2535,0.0248
0869_dehazed.png,7.5598,50.0964,0.0235
0870_dehazed.png,7.5596,49.9715,0.0289
0871_dehazed.png,7.56,49.9128,0.0274
0872_dehazed.png,7.5595,49.7448,0.0192
0873_dehazed.png,7.56,49.7936,0.0272
0874_dehazed.png,7.5593,49.8392,0.0197
0875_dehazed.png,7.5606,49.8294,0.0234
0876_dehazed.png,7.5618,49.8738,0.0228
0877_dehazed.png,7.5696,50.0463,0.0274
0878_dehazed.png,7.5682,50.1814,0.0294
0879_dehazed.png,7.5699,50.326,0.0254
0880_dehazed.png,7.5665,50.5108,0.0250
0881_dehazed.png,7.5662,50.5866,0.0298
0882_dehazed.png,7.5585,50.514,0.0254
0883_dehazed.png,7.5555,50.5461,0.0213
0884_dehazed.png,7.5494,50.5741,0.0250
0885_dehazed.png,7.5474,50.6597,0.0217
0886_dehazed.png,7.5431,50.6135,0.0209
0887_dehazed.png,7.5413,50.6605,0.0189
0888_dehazed.png,7.5377,50.616,0.0249
0889_dehazed.png,7.5463,51.0155,0.0233
0890_dehazed.png,7.5314,50.8305,0.0292
0891_dehazed.png,7.5265,50.9384,0.0209
0892_dehazed.png,7.5249,51.2833,0.0257
0893_dehazed.png,7.524,51.4487,0.0255
0894_dehazed.png,7.5223,51.6378,0.0243
0895_dehazed.png,7.5217,51.8265,0.0199
0896_dehazed.png,7.5205,51.882,0.0290
0897_dehazed.png,7.5196,52.0735,0.0230
0898_dehazed.png,7.5202,52.167,0.0289
0899_dehazed.png,7.5197,52.2601,0.0243
0900_dehazed.png,7.5241,52.3395,0.0253
0901_dehazed.png,7.5396,53.6712,0.0202
0902_dehazed.png,7.5335,53.6775,0.0267
0903_dehazed.png,7.5366,53.6217,0.0299
0904_dehazed.png,7.5369,53.479,0.0198
0905_dehazed.png,7.5367,53.4764,0.0203
0906_dehazed.png,7.5333,53.4454,0.0258
0907_dehazed.png,7.5307,53.3748,0.0267
0908_dehazed.png,7.5296,53.3383,0.0276
0909_dehazed.png,7.5284,53.4016,0.0274
0910_dehazed.png,7.5265,53.4728,0.0283
0911_dehazed.png,7.5261,53.5071,0.0266
0912_dehazed.png,7.5258,53.5589,0.0239
0913_dehazed.png,7.534,53.8269,0.0283
0914_dehazed.png,7.5233,53.783,0.0287
0915_dehazed.png,7.5198,53.8654,0.0253
0916_dehazed.png,7.5166,53.8969,0.0259
0917_dehazed.png,7.5144,53.904,0.0277
0918_dehazed.png,7.5137,53.8838,0.0220
0919_dehazed.png,7.5127,53.848,0.0242
0920_dehazed.png,7.5109,53.8399,0.0206
0921_dehazed.png,7.5121,53.8599,0.0285
0922_dehazed.png,7.5122,53.8875,0.0224
0923_dehazed.png,7.5106,53.9027,0.0211
0924_dehazed.png,7.5129,53.883,0.0228
0925_dehazed.png,7.5261,54.1091,0.0194
0926_dehazed.png,7.5149,54.0408,0.0226
0927_dehazed.png,7.5132,53.9849,0.0239
0928_dehazed.png,7.5116,53.9491,0.0206
0929_dehazed.png,7.5115,53.8835,0.0252
0930_dehazed.png,7.5135,53.7641,0.0270
0931_dehazed.png,7.5161,53.6928,0.0251
0932_dehazed.png,7.5175,53.6625,0.0238
0933_dehazed.png,7.5178,53.652,0.0225
0934_dehazed.png,7.5199,53.6809,0.0283
0935_dehazed.png,7.5193,53.7256,0.0231
0936_dehazed.png,7.5193,53.7096,0.0229
0937_dehazed.png,7.5295,53.8323,0.0263
0938_dehazed.png,7.5197,53.7439,0.0189
0939_dehazed.png,7.5181,53.7083,0.0245
0940_dehazed.png,7.5185,53.7108,0.0192
0941_dehazed.png,7.5172,53.7081,0.0252
0942_dehazed.png,7.5159,53.725,0.0212
0943_dehazed.png,7.5168,53.7335,0.0251
0944_dehazed.png,7.515,53.7389,0.0236
0945_dehazed.png,7.5164,53.7507,0.0227
0946_dehazed.png,7.5163,53.7856,0.0272
0947_dehazed.png,7.5155,53.814,0.0297
0948_dehazed.png,7.5135,53.8649,0.0230
0949_dehazed.png,7.5213,54.0874,0.0237
0950_dehazed.png,7.5102,54.0422,0.0200
0951_dehazed.png,7.5047,54.0181,0.0254
0952_dehazed.png,7.5024,53.9235,0.0236
0953_dehazed.png,7.5042,53.9551,0.0225
0954_dehazed.png,7.5046,53.98,0.0267
0955_dehazed.png,7.5067,54.0056,0.0224
0956_dehazed.png,7.5086,54.0246,0.0193
0957_dehazed.png,7.5115,54.0537,0.0219
0958_dehazed.png,7.5141,54.1128,0.0293
0959_dehazed.png,7.5167,54.1631,0.0209
0960_dehazed.png,7.518,54.2002,0.0228
0961_dehazed.png,7.5311,54.435,0.0256
0962_dehazed.png,7.523,54.3863,0.0256
0963_dehazed.png,7.5234,54.3769,0.0243
0964_dehazed.png,7.5228,54.4126,0.0256
0965_dehazed.png,7.5227,54.4303,0.0275
0966_dehazed.png,7.5234,54.4356,0.0219
0967_dehazed.png,7.5242,54.4565,0.0289
0968_dehazed.png,7.5255,54.4743,0.0268
0969_dehazed.png,7.5249,54.4955,0.0200
0970_dehazed.png,7.5252,54.5096,0.0264
0971_dehazed.png,7.5264,54.5164,0.0266
0972_dehazed.png,7.5266,54.524,0.0264
0973_dehazed.png,7.5381,54.8048,0.0278
0974_dehazed.png,7.5301,54.7425,0.0251
0975_dehazed.png,7.5295,54.7391,0.0216
0976_dehazed.png,7.5297,54.7412,0.0229
0977_dehazed.png,7.5296,54.7127,0.0248
0978_dehazed.png,7.5301,54.7049,0.0268
0979_dehazed.png,7.5297,54.6796,0.0193
0980_dehazed.png,7.5291,54.6873,0.0247
0981_dehazed.png,7.5285,54.6842,0.0214
0982_dehazed.png,7.5258,54.7131,0.0230
0983_dehazed.png,7.527,54.7279,0.0285
0984_dehazed.png,7.5263,54.7564,0.0245
0985_dehazed.png,7.5356,54.8645,0.0299
0986_dehazed.png,7.5233,54.7534,0.0218
0987_dehazed.png,7.5212,54.7115,0.0229
0988_dehazed.png,7.5194,54.6842,0.0241
0989_dehazed.png,7.5176,54.6491,0.0219
0990_dehazed.png,7.5175,54.6581,0.0293
0991_dehazed.png,7.5181,54.5945,0.0256
0992_dehazed.png,7.516,54.582,0.0267
0993_dehazed.png,7.5186,54.5665,0.0254
0994_dehazed.png,7.5192,54.4696,0.0276
0995_dehazed.png,7.5199,54.4253,0.0203
0996_dehazed.png,7.5202,54.4808,0.0276
0997_dehazed.png,7.5308,54.5338,0.0267
0998_dehazed.png,7.522,54.4409,0.0233
0999_dehazed.png,7.5207,54.3612,0.0286
1000_dehazed.png,7.5197,54.3272,0.0270
1001_dehazed.png,7.5173,54.1415,0.0199
1002_dehazed.png,7.5177,54.1098,0.0228
1003_dehazed.png,7.5181,54.13,0.0233
1004_dehazed.png,7.5169,54.1168,0.0219
1005_dehazed.png,7.5163,54.1457,0.0299
1006_dehazed.png,7.5151,54.15,0.0240
1007_dehazed.png,7.5154,54.144,0.0226
1008_dehazed.png,7.5159,54.1355,0.0276
1009_dehazed.png,7.5306,54.0563,0.0302
1010_dehazed.png,7.5206,53.983,0.0299
1011_dehazed.png,7.5206,53.9201,0.0241
1012_dehazed.png,7.5194,53.863,0.0216
1013_dehazed.png,7.5202,53.7933,0.0211
1014_dehazed.png,7.5186,53.6717,0.0203
1015_dehazed.png,7.5176,53.6072,0.0195
1016_dehazed.png,7.5162,53.6511,0.0274
1017_dehazed.png,7.5152,53.673,0.0247
1018_dehazed.png,7.5134,53.7188,0.0215
1019_dehazed.png,7.5121,53.664,0.0233
1020_dehazed.png,7.514,53.7528,0.0218
1021_dehazed.png,7.5257,53.8893,0.0300
1022_dehazed.png,7.5198,53.8562,0.0282
1023_dehazed.png,7.5223,53.851,0.0191
1024_dehazed.png,7.5248,53.7771,0.0285
1025_dehazed.png,7.527,53.7351,0.0263
1026_dehazed.png,7.5308,53.7026,0.0272
1027_dehazed.png,7.5346,53.7597,0.0223
1028_dehazed.png,7.5379,53.8176,0.0227
1029_dehazed.png,7.5417,53.9017,0.0273
1030_dehazed.png,7.5453,54.0241,0.0286
1031_dehazed.png,7.5507,54.2224,0.0266
1032_dehazed.png,7.5569,54.2302,0.0242
1033_dehazed.png,7.5684,54.1629,0.0260
1034_dehazed.png,7.566,54.1092,0.0266
1035_dehazed.png,7.574,54.16,0.0296
1036_dehazed.png,7.5786,54.1715,0.0258
1037_dehazed.png,7.5846,54.2111,0.0294
1038_dehazed.png,7.589,54.2427,0.0216
1039_dehazed.png,7.5928,54.3405,0.0260
1040_dehazed.png,7.5981,54.402,0.0208
1041_dehazed.png,7.6016,54.3283,0.0275
1042_dehazed.png,7.6019,54.2931,0.0249
1043_dehazed.png,7.6046,54.2741,0.0248
1044_dehazed.png,7.6075,54.4011,0.0273
1045_dehazed.png,7.6139,54.6587,0.0227
1046_dehazed.png,7.606,54.499,0.0218
1047_dehazed.png,7.6061,54.4922,0.0270
1048_dehazed.png,7.6061,54.411,0.0189
1049_dehazed.png,7.6073,54.3556,0.0265
1050_dehazed.png,7.6076,54.2352,0.0246
1051_dehazed.png,7.6062,54.003,0.0233
1052_dehazed.png,7.6067,54.0191,0.0285
1053_dehazed.png,7.6059,54.078,0.0221
1054_dehazed.png,7.6078,54.121,0.0275
1055_dehazed.png,7.6087,54.1668,0.0221
1056_dehazed.png,7.6081,54.2064,0.0203
1057_dehazed.png,7.6192,54.3678,0.0273
1058_dehazed.png,7.6165,54.4109,0.0234
1059_dehazed.png,7.6167,54.4615,0.0293
1060_dehazed.png,7.615,54.333,0.0211
1061_dehazed.png,7.6157,54.4353,0.0272
1062_dehazed.png,7.615,54.4848,0.0248
1063_dehazed.png,7.6147,54.498,0.0206
1064_dehazed.png,7.6143,54.484,0.0285
1065_dehazed.png,7.6167,54.5371,0.0287
1066_dehazed.png,7.6162,54.5668,0.0211
1067_dehazed.png,7.6158,54.5863,0.0212
1068_dehazed.png,7.616,54.5553,0.0280
1069_dehazed.png,7.6222,54.6098,0.0202
1070_dehazed.png,7.6155,54.5503,0.0258
1071_dehazed.png,7.6145,54.6034,0.0274
1072_dehazed.png,7.615,54.6297,0.0290
1073_dehazed.png,7.6152,54.6589,0.0277
1074_dehazed.png,7.6158,54.718,0.0214
1075_dehazed.png,7.6148,54.6451,0.0277
1076_dehazed.png,7.6145,54.5827,0.0284
1077_dehazed.png,7.6124,54.5477,0.0209
1078_dehazed.png,7.6128,54.5689,0.0273
1079_dehazed.png,7.6131,54.5734,0.0255
1080_dehazed.png,7.6151,54.5917,0.0228
1081_dehazed.png,7.6236,54.7596,0.0264
1082_dehazed.png,7.6185,54.6789,0.0242
1083_dehazed.png,7.6174,54.6444,0.0297
1084_dehazed.png,7.6177,54.6608,0.0228
1085_dehazed.png,7.6197,54.6742,0.0219
1086_dehazed.png,7.6212,54.7044,0.0253
1087_dehazed.png,7.6222,54.723,0.0201
1088_dehazed.png,7.6224,54.7128,0.0233
1089_dehazed.png,7.6243,54.7511,0.0274
1090_dehazed.png,7.6242,54.7761,0.0242
1091_dehazed.png,7.6253,54.8275,0.0249
1092_dehazed.png,7.6267,54.8692,0.0206
1093_dehazed.png,7.6374,55.0798,0.0204
1094_dehazed.png,7.636,55.0808,0.0292
1095_dehazed.png,7.6362,55.123,0.0257
1096_dehazed.png,7.6376,55.1387,0.0214
1097_dehazed.png,7.6379,55.1369,0.0283
1098_dehazed.png,7.6377,55.1672,0.0292
1099_dehazed.png,7.6381,55.2012,0.0209
1100_dehazed.png,7.6385,55.2251,0.0282
1101_dehazed.png,7.6376,54.9705,0.0256
1102_dehazed.png,7.637,54.9945,0.0192
1103_dehazed.png,7.6372,55.026,0.0191
1104_dehazed.png,7.6374,55.0555,0.0227
1105_dehazed.png,7.6444,55.0714,0.0277
1106_dehazed.png,7.6405,55.0394,0.0225
1107_dehazed.png,7.64,55.047,0.0251
1108_dehazed.png,7.64,55.0387,0.0282
1109_dehazed.png,7.6412,55.0755,0.0243
1110_dehazed.png,7.6409,55.0958,0.0207
1111_dehazed.png,7.6405,55.1259,0.0226
1112_dehazed.png,7.6399,55.1347,0.0215
1113_dehazed.png,7.6392,55.1259,0.0276
1114_dehazed.png,7.6387,55.1466,0.0228
1115_dehazed.png,7.6382,55.2234,0.0213
1116_dehazed.png,7.638,55.2571,0.0247
1117_dehazed.png,7.6443,55.5106,0.0268
1118_dehazed.png,7.6378,55.4362,0.0205
1119_dehazed.png,7.6365,55.4072,0.0260
1120_dehazed.png,7.6351,55.4072,0.0277
1121_dehazed.png,7.6352,55.4064,0.0191
1122_dehazed.png,7.6361,55.4384,0.0226
1123_dehazed.png,7.6362,55.4589,0.0250
1124_dehazed.png,7.6381,55.5168,0.0201
1125_dehazed.png,7.6364,55.5781,0.0199
1126_dehazed.png,7.6368,55.6083,0.0246
1127_dehazed.png,7.6375,55.6525,0.0246
1128_dehazed.png,7.6374,55.6694,0.0249
1129_dehazed.png,7.6431,55.8869,0.0213
1130_dehazed.png,7.6369,55.8417,0.0203
1131_dehazed.png,7.6359,55.8181,0.0259
1132_dehazed.png,7.6361,55.8302,0.0280
1133_dehazed.png,7.6362,55.8263,0.0260
1134_dehazed.png,7.6373,55.813,0.0229
1135_dehazed.png,7.6378,55.7822,0.0297
1136_dehazed.png,7.6398,55.7238,0.0262
1137_dehazed.png,7.6402,55.6794,0.0287
1138_dehazed.png,7.642,55.5978,0.0235
1139_dehazed.png,7.6434,55.5241,0.0201
1140_dehazed.png,7.645,55.4794,0.0233
1141_dehazed.png,7.6537,55.5373,0.0208
1142_dehazed.png,7.6508,55.4817,0.0280
1143_dehazed.png,7.6524,55.5032,0.0227
1144_dehazed.png,7.6526,55.4235,0.0265
1145_dehazed.png,7.6538,55.4068,0.0243
1146_dehazed.png,7.6531,55.3881,0.0201
1147_dehazed.png,7.6519,55.3416,0.0196
1148_dehazed.png,7.6513,55.3053,0.0221
1149_dehazed.png,7.6505,55.3029,0.0203
1150_dehazed.png,7.6508,55.3568,0.0286
1151_dehazed.png,7.6513,55.0439,0.0261
1152_dehazed.png,7.6506,55.1304,0.0209
1153_dehazed.png,7.6581,54.9517,0.0214
1154_dehazed.png,7.6562,54.8791,0.0199
1155_dehazed.png,7.6544,54.8418,0.0235
1156_dehazed.png,7.6538,54.8043,0.0284
1157_dehazed.png,7.654,54.7744,0.0240
1158_dehazed.png,7.6537,54.7334,0.0192
1159_dehazed.png,7.6553,54.7266,0.0204
1160_dehazed.png,7.6562,54.7047,0.0285
1161_dehazed.png,7.6532,54.9144,0.0262
1162_dehazed.png,7.652,55.0653,0.0224
1163_dehazed.png,7.6525,54.9962,0.0284
1164_dehazed.png,7.655,54.9125,0.0291
1165_dehazed.png,7.6632,54.9915,0.0282
1166_dehazed.png,7.662,54.8806,0.0264
1167_dehazed.png,7.6605,54.8913,0.0252
1168_dehazed.png,7.6605,54.8334,0.0275
1169_dehazed.png,7.6591,54.696,0.0223
1170_dehazed.png,7.6585,54.6938,0.0226
1171_dehazed.png,7.6571,54.6955,0.0200
1172_dehazed.png,7.6593,54.6561,0.0243
1173_dehazed.png,7.6605,54.6286,0.0292
1174_dehazed.png,7.6636,54.5482,0.0296
1175_dehazed.png,7.6645,54.3746,0.0228
1176_dehazed.png,7.666,53.9213,0.0274
1177_dehazed.png,7.6724,53.8094,0.0225
1178_dehazed.png,7.6755,53.7587,0.0212
1179_dehazed.png,7.6783,53.6736,0.0248
1180_dehazed.png,7.6821,53.6393,0.0205
1181_dehazed.png,7.6838,53.5477,0.0269
1182_dehazed.png,7.6869,53.5056,0.0261
1183_dehazed.png,7.6895,53.4448,0.0295
1184_dehazed.png,7.6899,53.255,0.0243
1185_dehazed.png,7.6901,53.0315,0.0243
1186_dehazed.png,7.6906,52.966,0.0194
1187_dehazed.png,7.692,52.9356,0.0252
1188_dehazed.png,7.6922,52.8271,0.0247
1189_dehazed.png,7.6966,52.9015,0.0204
1190_dehazed.png,7.6956,52.8189,0.0283
1191_dehazed.png,7.6987,52.9824,0.0198
1192_dehazed.png,7.7016,52.9289,0.0284
1193_dehazed.png,7.7028,52.818,0.0275
1194_dehazed.png,7.7021,52.7361,0.0211
1195_dehazed.png,7.7024,52.6166,0.0243
1196_dehazed.png,7.7029,52.5451,0.0231
1197_dehazed.png,7.7013,52.5219,0.0261
1198_dehazed.png,7.6998,52.305,0.0201
1199_dehazed.png,7.6991,52.28,0.0208
1200_dehazed.png,7.6996,52.2388,0.0299
1201_dehazed.png,7.6996,51.9088,0.0277
1202_dehazed.png,7.6933,51.7668,0.0205
1203_dehazed.png,7.6914,51.6694,0.0261
1204_dehazed.png,7.691,51.4706,0.0276
1205_dehazed.png,7.6895,51.4217,0.0243
1206_dehazed.png,7.6898,51.3159,0.0201
1207_dehazed.png,7.6896,51.2947,0.0295
1208_dehazed.png,7.6899,51.3732,0.0300
1209_dehazed.png,7.6889,51.3952,0.0248
1210_dehazed.png,7.6892,51.4356,0.0245
1211_dehazed.png,7.6905,51.4855,0.0275
1212_dehazed.png,7.69,51.5388,0.0236
1213_dehazed.png,7.6962,51.8922,0.0255
1214_dehazed.png,7.6909,51.8584,0.0271
1215_dehazed.png,7.6894,51.9023,0.0197
1216_dehazed.png,7.6905,51.9327,0.0243
1217_dehazed.png,7.6912,51.9879,0.0251
1218_dehazed.png,7.6919,52.0419,0.0214
1219_dehazed.png,7.6924,52.0856,0.0267
1220_dehazed.png,7.6941,52.1217,0.0302
1221_dehazed.png,7.6963,52.1563,0.0231
1222_dehazed.png,7.6967,52.1299,0.0223
1223_dehazed.png,7.6967,52.0813,0.0270
1224_dehazed.png,7.6964,51.9885,0.0283
1225_dehazed.png,7.7047,52.1821,0.0251
1226_dehazed.png,7.7026,52.1276,0.0209
1227_dehazed.png,7.7036,52.1445,0.0215
1228_dehazed.png,7.7064,52.2127,0.0246
1229_dehazed.png,7.7101,52.0254,0.0229
1230_dehazed.png,7.71,51.9924,0.0255
1231_dehazed.png,7.712,52.0882,0.0296
1232_dehazed.png,7.7144,52.2643,0.0292
1233_dehazed.png,7.7152,52.2701,0.0215
1234_dehazed.png,7.7141,52.2695,0.0234
1235_dehazed.png,7.7145,52.2853,0.0242
1236_dehazed.png,7.7155,52.3085,0.0223
1237_dehazed.png,7.7213,52.4415,0.0197
1238_dehazed.png,7.7178,52.3435,0.0236
1239_dehazed.png,7.7154,52.3389,0.0204
1240_dehazed.png,7.7167,52.2696,0.0279
1241_dehazed.png,7.7163,52.2868,0.0245
1242_dehazed.png,7.7162,52.2566,0.0258
1243_dehazed.png,7.7171,52.3407,0.0249
1244_dehazed.png,7.7171,52.4115,0.0244
1245_dehazed.png,7.7188,52.4218,0.0246
1246_dehazed.png,7.7189,52.3763,0.0242
1247_dehazed.png,7.7192,52.332,0.0243
1248_dehazed.png,7.7206,52.3716,0.0280
1249_dehazed.png,7.7253,52.605,0.0203
1250_dehazed.png,7.7225,52.5811,0.0280
1251_dehazed.png,7.7205,52.3492,0.0273
1252_dehazed.png,7.719,52.2843,0.0294
1253_dehazed.png,7.7204,52.2471,0.0250
1254_dehazed.png,7.7206,52.2725,0.0299
1255_dehazed.png,7.7204,52.2802,0.0301
1256_dehazed.png,7.7195,52.3035,0.0288
1257_dehazed.png,7.7198,52.3195,0.0190
1258_dehazed.png,7.7202,52.2879,0.0276
1259_dehazed.png,7.7187,52.1748,0.0191
1260_dehazed.png,7.717,52.0315,0.0232
1261_dehazed.png,7.7219,52.1194,0.0190
1262_dehazed.png,7.7172,52.0983,0.0226
1263_dehazed.png,7.7149,52.0942,0.0265
1264_dehazed.png,7.715,52.0522,0.0264
1265_dehazed.png,7.7142,51.9759,0.0286
1266_dehazed.png,7.7129,51.983,0.0207
1267_dehazed.png,7.7113,51.9875,0.0224
1268_dehazed.png,7.7104,52.0752,0.0264
1269_dehazed.png,7.7083,52.1339,0.0203
1270_dehazed.png,7.707,52.1737,0.0192
1271_dehazed.png,7.7077,52.2617,0.0293
1272_dehazed.png,7.7058,52.3694,0.0283
1273_dehazed.png,7.7093,52.7063,0.0247
1274_dehazed.png,7.7034,52.6699,0.0199
1275_dehazed.png,7.7007,52.605,0.0211
1276_dehazed.png,7.6979,52.5836,0.0240
1277_dehazed.png,7.6971,52.5828,0.0237
1278_dehazed.png,7.6952,52.6801,0.0206
1279_dehazed.png,7.6942,52.7752,0.0285
1280_dehazed.png,7.6931,52.8614,0.0265
1281_dehazed.png,7.6895,52.8786,0.0220
1282_dehazed.png,7.687,52.9234,0.0290
1283_dehazed.png,7.6836,52.9254,0.0296
1284_dehazed.png,7.6806,53.0729,0.0271
1285_dehazed.png,7.6845,53.4629,0.0210
1286_dehazed.png,7.6786,53.4842,0.0277
1287_dehazed.png,7.6759,53.6033,0.0195
1288_dehazed.png,7.6766,53.7034,0.0290
1289_dehazed.png,7.678,53.771,0.0277
1290_dehazed.png,7.68,53.8921,0.0254
1291_dehazed.png,7.6798,53.9503,0.0280
1292_dehazed.png,7.6777,53.915,0.0283
1293_dehazed.png,7.6756,53.9516,0.0288
1294_dehazed.png,7.6747,54.0033,0.0231
1295_dehazed.png,7.6743,54.0789,0.0212
1296_dehazed.png,7.675,54.0841,0.0276
1297_dehazed.png,7.6849,54.4496,0.0301
1298_dehazed.png,7.6804,54.3211,0.0293
1299_dehazed.png,7.6816,54.3126,0.0301
1300_dehazed.png,7.6853,54.2168,0.0231
1301_dehazed.png,7.6907,54.124,0.0262
1302_dehazed.png,7.6919,53.9169,0.0201
1303_dehazed.png,7.692,53.8374,0.0275
1304_dehazed.png,7.692,53.8554,0.0191
1305_dehazed.png,7.691,53.9306,0.0281
1306_dehazed.png,7.6912,54.0196,0.0285
1307_dehazed.png,7.6904,54.1121,0.0281
1308_dehazed.png,7.6887,54.1848,0.0215
1309_dehazed.png,7.6952,54.5736,0.0294
1310_dehazed.png,7.6868,54.5047,0.0270
1311_dehazed.png,7.6845,54.4933,0.0274
1312_dehazed.png,7.6826,54.503,0.0189
1313_dehazed.png,7.6805,54.4943,0.0212
1314_dehazed.png,7.6788,54.5345,0.0195
1315_dehazed.png,7.6743,54.591,0.0194
1316_dehazed.png,7.6734,54.7092,0.0276
1317_dehazed.png,7.6742,54.7753,0.0269
1318_dehazed.png,7.6743,54.7971,0.0257
1319_dehazed.png,7.6749,54.8235,0.0263
1320_dehazed.png,7.6751,54.8478,0.0256
1321_dehazed.png,7.6809,55.1064,0.0230
1322_dehazed.png,7.6751,55.0589,0.0235
1323_dehazed.png,7.6733,55.0376,0.0212
1324_dehazed.png,7.6765,55.0137,0.0294
1325_dehazed.png,7.6778,55.0101,0.0217
1326_dehazed.png,7.6781,54.9865,0.0203
1327_dehazed.png,7.6789,54.9714,0.0250
1328_dehazed.png,7.6793,54.9057,0.0270
1329_dehazed.png,7.6797,54.8637,0.0293
1330_dehazed.png,7.6811,54.8699,0.0277
1331_dehazed.png,7.6817,54.8885,0.0242
1332_dehazed.png,7.6841,54.8978,0.0263
1333_dehazed.png,7.6906,55.1605,0.0196
1334_dehazed.png,7.6857,55.0803,0.0266
1335_dehazed.png,7.6862,55.0642,0.0253
1336_dehazed.png,7.6867,55.0331,0.0282
1337_dehazed.png,7.6877,55.0273,0.0233
1338_dehazed.png,7.6881,55.0622,0.0261
1339_dehazed.png,7.6889,55.1144,0.0248
1340_dehazed.png,7.6902,55.133,0.0267
1341_dehazed.png,7.6919,55.1606,0.0239
1342_dehazed.png,7.6936,55.1728,0.0300
1343_dehazed.png,7.6953,55.1518,0.0268
1344_dehazed.png,7.697,55.1129,0.0276
1345_dehazed.png,7.7077,55.3267,0.0254
1346_dehazed.png,7.7044,55.2093,0.0241
1347_dehazed.png,7.7042,55.1097,0.0287
1348_dehazed.png,7.7054,55.0656,0.0194
1349_dehazed.png,7.7064,55.0895,0.0290
1350_dehazed.png,7.7071,55.0867,0.0198
1351_dehazed.png,7.7051,55.0217,0.0268
1352_dehazed.png,7.7039,55.0627,0.0189
1353_dehazed.png,7.7039,55.0927,0.0205
1354_dehazed.png,7.7043,55.1208,0.0232
1355_dehazed.png,7.7047,55.1683,0.0234
1356_dehazed.png,7.7034,55.2284,0.0259
1357_dehazed.png,7.7126,55.3573,0.0226
1358_dehazed.png,7.7073,55.2847,0.0200
1359_dehazed.png,7.7075,55.2528,0.0200
1360_dehazed.png,7.7066,55.2164,0.0225
1361_dehazed.png,7.7074,55.2733,0.0207
1362_dehazed.png,7.7089,55.3369,0.0300
1363_dehazed.png,7.7095,55.3612,0.0242
1364_dehazed.png,7.7084,55.3539,0.0295
1365_dehazed.png,7.7081,55.3564,0.0226
1366_dehazed.png,7.7071,55.3048,0.0246
1367_dehazed.png,7.7061,55.2315,0.0280
1368_dehazed.png,7.707,55.216,0.0223
1369_dehazed.png,7.7113,55.3667,0.0265
1370_dehazed.png,7.7082,55.3045,0.0257
1371_dehazed.png,7.7086,55.2437,0.0281
1372_dehazed.png,7.7105,55.2382,0.0206
1373_dehazed.png,7.7119,55.3348,0.0279
1374_dehazed.png,7.7107,55.3575,0.0241
1375_dehazed.png,7.7102,55.4364,0.0224
1376_dehazed.png,7.7092,55.4956,0.0253
1377_dehazed.png,7.7091,55.5232,0.0280
1378_dehazed.png,7.7075,55.5245,0.0192
1379_dehazed.png,7.7053,55.4846,0.0278
1380_dehazed.png,7.7045,55.467,0.0211
1381_dehazed.png,7.7104,55.5477,0.0223
1382_dehazed.png,7.7044,55.4883,0.0296
1383_dehazed.png,7.7045,55.4278,0.0224
1384_dehazed.png,7.7037,55.3851,0.0208
1385_dehazed.png,7.702,55.3308,0.0205
1386_dehazed.png,7.7025,55.2775,0.0240
1387_dehazed.png,7.7019,55.1894,0.0267
1388_dehazed.png,7.7034,55.1389,0.0205
1389_dehazed.png,7.7081,55.0612,0.0236
1390_dehazed.png,7.7095,54.9604,0.0260
1391_dehazed.png,7.7101,54.8724,0.0217
1392_dehazed.png,7.7121,54.6844,0.0218
1393_dehazed.png,7.7199,54.4951,0.0295
1394_dehazed.png,7.7159,54.3291,0.0199
1395_dehazed.png,7.7165,54.2762,0.0291
1396_dehazed.png,7.7177,54.2648,0.0264
1397_dehazed.png,7.7182,54.2164,0.0255
1398_dehazed.png,7.717,54.1669,0.0284
1399_dehazed.png,7.7205,54.1808,0.0262
1400_dehazed.png,7.7216,54.0254,0.0249
1401_dehazed.png,7.7194,53.6921,0.0251
1402_dehazed.png,7.7199,53.6597,0.0261
1403_dehazed.png,7.7197,53.5516,0.0228
1404_dehazed.png,7.7199,53.4519,0.0194
1405_dehazed.png,7.7283,53.318,0.0258
1406_dehazed.png,7.7246,53.2561,0.0251
1407_dehazed.png,7.7247,53.0315,0.0233
1408_dehazed.png,7.7275,52.9565,0.0271
1409_dehazed.png,7.7292,52.8142,0.0190
1410_dehazed.png,7.7319,52.7859,0.0222
1411_dehazed.png,7.7335,52.7177,0.0261
1412_dehazed.png,7.7341,52.695,0.0257
1413_dehazed.png,7.7355,52.6632,0.0211
1414_dehazed.png,7.7361,52.6652,0.0272
1415_dehazed.png,7.7377,52.7565,0.0204
1416_dehazed.png,7.7374,52.7291,0.0260
1417_dehazed.png,7.7418,52.724,0.0258
1418_dehazed.png,7.7371,52.639,0.0239
1419_dehazed.png,7.7358,52.5788,0.0255
1420_dehazed.png,7.736,52.5658,0.0281
1421_dehazed.png,7.7346,52.4962,0.0243
1422_dehazed.png,7.7342,52.4492,0.0204
1423_dehazed.png,7.7322,52.3423,0.0206
1424_dehazed.png,7.7314,52.2874,0.0243
1425_dehazed.png,7.7295,52.2279,0.0193
1426_dehazed.png,7.7279,52.0926,0.0253
1427_dehazed.png,7.7284,52.1084,0.0202
1428_dehazed.png,7.7301,52.312,0.0274
1429_dehazed.png,7.7356,52.6868,0.0208
1430_dehazed.png,7.7313,52.6904,0.0300
1431_dehazed.png,7.7305,52.7109,0.0231
1432_dehazed.png,7.7294,52.6945,0.0213
1433_dehazed.png,7.7301,52.7664,0.0214
1434_dehazed.png,7.7297,52.8146,0.0193
1435_dehazed.png,7.7283,52.9278,0.0273
1436_dehazed.png,7.7274,52.9796,0.0263
1437_dehazed.png,7.727,53.0825,0.0248
1438_dehazed.png,7.7271,53.5879,0.0272
1439_dehazed.png,7.7262,53.6793,0.0281
1440_dehazed.png,7.7265,53.7433,0.0238
1441_dehazed.png,7.7304,54.0637,0.0257
1442_dehazed.png,7.7246,54.0046,0.0253
1443_dehazed.png,7.7223,54.0214,0.0273
1444_dehazed.png,7.7184,54.032,0.0206
1445_dehazed.png,7.7164,53.9753,0.0239
1446_dehazed.png,7.7135,54.0194,0.0216
1447_dehazed.png,7.7129,53.7962,0.0228
1448_dehazed.png,7.7116,53.821,0.0264
1449_dehazed.png,7.7141,53.8599,0.0262
1450_dehazed.png,7.7161,53.927,0.0206
1451_dehazed.png,7.7154,54.1106,0.0214
1452_dehazed.png,7.7167,54.0766,0.0265
1453_dehazed.png,7.7291,54.1026,0.0286
1454_dehazed.png,7.7249,54.1222,0.0240
1455_dehazed.png,7.7254,54.2165,0.0224
1456_dehazed.png,7.7268,54.255,0.0199
1457_dehazed.png,7.7285,54.5753,0.0245
1458_dehazed.png,7.727,54.6311,0.0273
1459_dehazed.png,7.7244,54.6153,0.0244
1460_dehazed.png,7.7216,54.6847,0.0203
1461_dehazed.png,7.7189,54.7651,0.0297
1462_dehazed.png,7.7186,54.6968,0.0220
1463_dehazed.png,7.7184,54.5907,0.0243
1464_dehazed.png,7.718,54.5569,0.0300
1465_dehazed.png,7.7236,54.6913,0.0263
1466_dehazed.png,7.7193,54.4766,0.0227
1467_dehazed.png,7.7192,54.4497,0.0190
1468_dehazed.png,7.7201,54.4124,0.0298
1469_dehazed.png,7.7222,54.3533,0.0249
1470_dehazed.png,7.7262,54.353,0.0224
1471_dehazed.png,7.728,54.3513,0.0231
1472_dehazed.png,7.7303,54.311,0.0262
1473_dehazed.png,7.7324,54.3196,0.0204
1474_dehazed.png,7.7331,54.3395,0.0271
1475_dehazed.png,7.7336,54.307,0.0288
1476_dehazed.png,7.7348,54.2922,0.0234
1477_dehazed.png,7.7421,54.4083,0.0285
1478_dehazed.png,7.7331,53.7685,0.0241
1479_dehazed.png,7.7311,53.4037,0.0265
1480_dehazed.png,7.7294,53.1851,0.0292
1481_dehazed.png,7.7299,53.072,0.0297
1482_dehazed.png,7.7303,53.0394,0.0285
1483_dehazed.png,7.7286,53.0771,0.0221
1484_dehazed.png,7.7283,53.1166,0.0272
1485_dehazed.png,7.7284,53.1301,0.0225
1486_dehazed.png,7.7257,53.1467,0.0189
1487_dehazed.png,7.7247,53.2096,0.0262
1488_dehazed.png,7.7227,53.2758,0.0198
1489_dehazed.png,7.724,53.187,0.0297
1490_dehazed.png,7.718,53.1621,0.0284
1491_dehazed.png,7.7141,53.1633,0.0218
1492_dehazed.png,7.7145,53.1702,0.0231
1493_dehazed.png,7.7139,53.1615,0.0270
1494_dehazed.png,7.7131,53.0772,0.0279
1495_dehazed.png,7.7129,53.0381,0.0193
1496_dehazed.png,7.7133,53.0069,0.0210
1497_dehazed.png,7.7135,53.0276,0.0205
1498_dehazed.png,7.7148,53.029,0.0279
1499_dehazed.png,7.7167,53.0559,0.0229
1500_dehazed.png,7.7187,53.0759,0.0269
1501_dehazed.png,7.7175,52.6457,0.0194
1502_dehazed.png,7.7155,52.6164,0.0240
1503_dehazed.png,7.7159,52.589,0.0240
1504_dehazed.png,7.7179,52.6041,0.0263
1505_dehazed.png,7.7187,52.592,0.0208
1506_dehazed.png,7.7203,52.6391,0.0196
1507_dehazed.png,7.7207,52.6364,0.0280
1508_dehazed.png,7.7216,52.6432,0.0234
1509_dehazed.png,7.7223,52.6639,0.0202
1510_dehazed.png,7.7223,52.6947,0.0268
1511_dehazed.png,7.7232,52.7474,0.0204
1512_dehazed.png,7.724,52.7626,0.0284
1513_dehazed.png,7.7297,53.0304,0.0294
1514_dehazed.png,7.7257,53.0006,0.0235
1515_dehazed.png,7.7253,52.9697,0.0214
1516_dehazed.png,7.7253,52.9431,0.0210
1517_dehazed.png,7.7249,52.9008,0.0213
1518_dehazed.png,7.7256,52.8941,0.0287
1519_dehazed.png,7.7243,52.9089,0.0198
1520_dehazed.png,7.7249,52.9206,0.0196
1521_dehazed.png,7.7246,52.9497,0.0284
1522_dehazed.png,7.7241,52.9537,0.0261
1523_dehazed.png,7.7238,52.9564,0.0292
1524_dehazed.png,7.7232,52.9396,0.0245
1525_dehazed.png,7.7287,53.1752,0.0255
1526_dehazed.png,7.7242,53.1387,0.0249
1527_dehazed.png,7.7231,53.1049,0.0220
1528_dehazed.png,7.7216,53.0853,0.0216
1529_dehazed.png,7.7208,53.038,0.0201
1530_dehazed.png,7.7198,52.973,0.0260
1531_dehazed.png,7.7185,52.9441,0.0221
1532_dehazed.png,7.7183,52.9035,0.0209
1533_dehazed.png,7.7175,52.9031,0.0273
1534_dehazed.png,7.7164,52.9156,0.0211
1535_dehazed.png,7.7156,52.9485,0.0280
1536_dehazed.png,7.7157,52.932,0.0218
1537_dehazed.png,7.7225,53.131,0.0203
1538_dehazed.png,7.7192,53.0671,0.0285
1539_dehazed.png,7.7194,53.0755,0.0287
1540_dehazed.png,7.7195,53.0559,0.0191
1541_dehazed.png,7.7186,53.098,0.0210
1542_dehazed.png,7.7181,53.0144,0.0217
1543_dehazed.png,7.717,52.9966,0.0227
1544_dehazed.png,7.7164,53.0205,0.0277
1545_dehazed.png,7.7167,53.0359,0.0273
1546_dehazed.png,7.7162,53.0746,0.0203
1547_dehazed.png,7.7173,53.0747,0.0262
1548_dehazed.png,7.7196,53.0805,0.0230
1549_dehazed.png,7.7273,53.1294,0.0244
1550_dehazed.png,7.7264,53.0688,0.0248
1551_dehazed.png,7.7296,52.8551,0.0258
1552_dehazed.png,7.7313,52.7807,0.0195
1553_dehazed.png,7.7328,52.7865,0.0239
1554_dehazed.png,7.7329,52.6863,0.0195
1555_dehazed.png,7.734,52.6478,0.0219
1556_dehazed.png,7.7352,52.6025,0.0210
1557_dehazed.png,7.735,52.5688,0.0287
1558_dehazed.png,7.7348,52.5395,0.0276
1559_dehazed.png,7.7376,52.5298,0.0274
1560_dehazed.png,7.7372,52.4418,0.0239
1561_dehazed.png,7.7432,52.4586,0.0230
1562_dehazed.png,7.7373,52.3895,0.0288
1563_dehazed.png,7.7345,52.4109,0.0272
1564_dehazed.png,7.73,52.3988,0.0214
1565_dehazed.png,7.7246,52.4299,0.0214
1566_dehazed.png,7.7216,52.4745,0.0299
1567_dehazed.png,7.7182,52.5489,0.0228
1568_dehazed.png,7.7162,52.4792,0.0195
1569_dehazed.png,7.7152,52.4687,0.0269
1570_dehazed.png,7.7138,52.5323,0.0236
1571_dehazed.png,7.7146,52.5908,0.0250
1572_dehazed.png,7.7151,52.6099,0.0236
1573_dehazed.png,7.7214,52.8633,0.0248
1574_dehazed.png,7.7174,52.8441,0.0200
1575_dehazed.png,7.7158,52.8558,0.0263
1576_dehazed.png,7.7155,53.0548,0.0246
1577_dehazed.png,7.7157,53.1436,0.0291
1578_dehazed.png,7.7165,53.0429,0.0253
1579_dehazed.png,7.7162,52.9021,0.0256
1580_dehazed.png,7.7177,52.6812,0.0282
1581_dehazed.png,7.7177,52.5492,0.0244
1582_dehazed.png,7.7158,52.1854,0.0296
1583_dehazed.png,7.718,52.0791,0.0211
1584_dehazed.png,7.7183,52.0883,0.0289
1585_dehazed.png,7.7222,52.0217,0.0300
1586_dehazed.png,7.7197,51.8916,0.0277
1587_dehazed.png,7.7166,51.812,0.0277
1588_dehazed.png,7.7145,51.7593,0.0280
1589_dehazed.png,7.7124,51.6302,0.0260
1590_dehazed.png,7.7104,51.6348,0.0220
1591_dehazed.png,7.7084,51.6578,0.0289
1592_dehazed.png,7.7071,51.6761,0.0196
1593_dehazed.png,7.7078,51.8162,0.0235
1594_dehazed.png,7.7095,52.0909,0.0229
1595_dehazed.png,7.7087,52.0948,0.0191
1596_dehazed.png,7.71,52.0881,0.0216
1597_dehazed.png,7.7137,52.0484,0.0250
1598_dehazed.png,7.7108,51.9437,0.0279
1599_dehazed.png,7.709,51.816,0.0259
1600_dehazed.png,7.7092,51.6713,0.0214
1601_dehazed.png,7.7088,51.1117,0.0279
1602_dehazed.png,7.7086,50.9527,0.0262
1603_dehazed.png,7.7112,50.9861,0.0294
1604_dehazed.png,7.7124,51.0152,0.0196
1605_dehazed.png,7.7147,51.1016,0.0224
1606_dehazed.png,7.7125,50.97,0.0269
1607_dehazed.png,7.7109,50.8852,0.0225
1608_dehazed.png,7.7123,50.9004,0.0266
1609_dehazed.png,7.7171,50.8721,0.0232
1610_dehazed.png,7.7151,50.8207,0.0299
1611_dehazed.png,7.7151,50.7491,0.0248
1612_dehazed.png,7.7163,50.6453,0.0273
1613_dehazed.png,7.7133,50.554,0.0246
1614_dehazed.png,7.7123,50.5762,0.0279
1615_dehazed.png,7.7125,50.6135,0.0249
1616_dehazed.png,7.7133,50.4023,0.0235
1617_dehazed.png,7.7141,50.2679,0.0274
1618_dehazed.png,7.7138,50.165,0.0260
1619_dehazed.png,7.7136,50.1044,0.0297
1620_dehazed.png,7.7138,50.0631,0.0268
1621_dehazed.png,7.7135,49.9366,0.0191
1622_dehazed.png,7.7101,49.6981,0.0300
1623_dehazed.png,7.707,49.4524,0.0210
1624_dehazed.png,7.7087,49.4609,0.0220
1625_dehazed.png,7.7092,49.5659,0.0230
1626_dehazed.png,7.7083,49.6449,0.0221
1627_dehazed.png,7.7082,49.7062,0.0295
1628_dehazed.png,7.707,49.7437,0.0205
1629_dehazed.png,7.7062,49.6859,0.0209
1630_dehazed.png,7.7055,49.6796,0.0292
1631_dehazed.png,7.701,49.6714,0.0286
1632_dehazed.png,7.6995,49.7343,0.0290
1633_dehazed.png,7.6977,49.9513,0.0287
1634_dehazed.png,7.6903,50.0478,0.0271
1635_dehazed.png,7.688,50.0717,0.0262
1636_dehazed.png,7.6857,50.1237,0.0282
1637_dehazed.png,7.6837,50.1796,0.0219
1638_dehazed.png,7.6789,50.1168,0.0253
1639_dehazed.png,7.6736,50.0509,0.0214
1640_dehazed.png,7.6692,50.0569,0.0197
1641_dehazed.png,7.6667,50.11,0.0191
1642_dehazed.png,7.6664,50.2783,0.0276
1643_dehazed.png,7.6664,50.4222,0.0276
1644_dehazed.png,7.6627,50.4812,0.0230
1645_dehazed.png,7.6664,50.5949,0.0235
1646_dehazed.png,7.6528,50.5141,0.0273
1647_dehazed.png,7.6426,50.4841,0.0232
1648_dehazed.png,7.6368,50.5079,0.0237
1649_dehazed.png,7.6332,50.4793,0.0295
1650_dehazed.png,7.6312,50.4335,0.0194
1651_dehazed.png,7.6298,50.5104,0.0232
1652_dehazed.png,7.6236,50.2762,0.0219
1653_dehazed.png,7.6167,50.0238,0.0272
1654_dehazed.png,7.6077,49.8567,0.0208
1655_dehazed.png,7.6029,49.6523,0.0293
1656_dehazed.png,7.5979,49.5894,0.0262
1657_dehazed.png,7.5944,49.5373,0.0260
1658_dehazed.png,7.577,49.3582,0.0200
1659_dehazed.png,7.5697,49.4824,0.0286
1660_dehazed.png,7.57,49.3526,0.0281
1661_dehazed.png,7.5745,49.1873,0.0216
1662_dehazed.png,7.5763,48.9581,0.0274
1663_dehazed.png,7.5786,48.8197,0.0263
1664_dehazed.png,7.5858,48.706,0.0220
1665_dehazed.png,7.5824,48.6496,0.0210
1666_dehazed.png,7.5736,48.4512,0.0281
1667_dehazed.png,7.5607,48.0651,0.0294
1668_dehazed.png,7.5489,47.8275,0.0252
1669_dehazed.png,7.5516,47.7858,0.0217
1670_dehazed.png,7.5461,47.6849,0.0257
1671_dehazed.png,7.5387,47.4837,0.0267
1672_dehazed.png,7.5393,47.1332,0.0215
1673_dehazed.png,7.5676,46.6797,0.0288
1674_dehazed.png,7.5658,46.5194,0.0251
1675_dehazed.png,7.5682,46.4919,0.0193
1676_dehazed.png,7.5664,46.4223,0.0301
1677_dehazed.png,7.5666,46.4515,0.0286
1678_dehazed.png,7.5657,46.5449,0.0207
1679_dehazed.png,7.5665,46.5968,0.0265
1680_dehazed.png,7.5668,46.6849,0.0195
1681_dehazed.png,7.5793,47.0445,0.0204
1682_dehazed.png,7.5697,47.064,0.0263
1683_dehazed.png,7.5689,47.1154,0.0203
1684_dehazed.png,7.5688,47.2017,0.0197
1685_dehazed.png,7.57,47.3062,0.0212
1686_dehazed.png,7.5719,47.4365,0.0212
1687_dehazed.png,7.5738,47.5098,0.0192
1688_dehazed.png,7.5735,47.5605,0.0211
1689_dehazed.png,7.5743,47.5581,0.0267
1690_dehazed.png,7.5739,47.589,0.0216
1691_dehazed.png,7.5745,47.5934,0.0287
1692_dehazed.png,7.5753,47.6189,0.0270
1693_dehazed.png,7.5903,48.2741,0.0250
1694_dehazed.png,7.5797,48.1927,0.0283
1695_dehazed.png,7.5782,48.1895,0.0196
1696_dehazed.png,7.5785,48.1924,0.0271
1697_dehazed.png,7.5786,48.2443,0.0233
1698_dehazed.png,7.5797,48.2626,0.0235
1699_dehazed.png,7.58,48.3043,0.0279
1700_dehazed.png,7.5819,48.3489,0.0282
1701_dehazed.png,7.5879,49.1252,0.0247
1702_dehazed.png,7.5863,49.1061,0.0265
1703_dehazed.png,7.5846,49.1128,0.0248
1704_dehazed.png,7.5852,49.1235,0.0220
1705_dehazed.png,7.6047,49.868,0.0260
1706_dehazed.png,7.5944,49.8084,0.0256
1707_dehazed.png,7.5949,49.7975,0.0220
1708_dehazed.png,7.5947,49.8228,0.0206
1709_dehazed.png,7.5968,49.8351,0.0201
1710_dehazed.png,7.5966,49.8246,0.0278
1711_dehazed.png,7.5979,49.8249,0.0220
1712_dehazed.png,7.598,49.8267,0.0202
1713_dehazed.png,7.5979,49.8641,0.0249
1714_dehazed.png,7.5983,49.8622,0.0233
1715_dehazed.png,7.5991,49.8818,0.0227
1716_dehazed.png,7.5983,49.9107,0.0192
1717_dehazed.png,7.611,50.2289,0.0271
1718_dehazed.png,7.6018,50.1535,0.0208
1719_dehazed.png,7.6011,50.1296,0.0291
1720_dehazed.png,7.6023,50.1365,0.0221
1721_dehazed.png,7.6018,50.1305,0.0249
1722_dehazed.png,7.6027,50.1176,0.0232
1723_dehazed.png,7.603,50.1118,0.0235
1724_dehazed.png,7.6035,50.1091,0.0201
1725_dehazed.png,7.6045,50.1023,0.0201
1726_dehazed.png,7.6044,50.0954,0.0223
1727_dehazed.png,7.6061,50.095,0.0271
1728_dehazed.png,7.6068,50.0971,0.0300
1729_dehazed.png,7.6181,50.3971,0.0195
1730_dehazed.png,7.6089,50.3375,0.0302
1731_dehazed.png,7.608,50.3442,0.0297
1732_dehazed.png,7.6083,50.3469,0.0282
1733_dehazed.png,7.6089,50.3659,0.0287
1734_dehazed.png,7.6092,50.3651,0.0297
1735_dehazed.png,7.6106,50.3563,0.0264
1736_dehazed.png,7.6103,50.3195,0.0226
1737_dehazed.png,7.611,50.2745,0.0234
1738_dehazed.png,7.6121,50.2454,0.0216
1739_dehazed.png,7.6128,50.239,0.0192
1740_dehazed.png,7.6136,50.2226,0.0262
1741_dehazed.png,7.6265,50.437,0.0258
1742_dehazed.png,7.6194,50.3916,0.0196
1743_dehazed.png,7.6182,50.4375,0.0205
1744_dehazed.png,7.6188,50.5766,0.0242
1745_dehazed.png,7.6191,50.6794,0.0286
1746_dehazed.png,7.6191,50.7679,0.0239
1747_dehazed.png,7.6189,50.8965,0.0200
1748_dehazed.png,7.6187,51.0187,0.0300
1749_dehazed.png,7.6184,50.9878,0.0211
1750_dehazed.png,7.6181,50.9625,0.0277
1751_dehazed.png,7.6134,50.739,0.0189
1752_dehazed.png,7.6107,50.8159,0.0302
1753_dehazed.png,7.621,50.8057,0.0299
1754_dehazed.png,7.612,50.7103,0.0301
1755_dehazed.png,7.6141,50.725,0.0232
1756_dehazed.png,7.615,50.7303,0.0278
1757_dehazed.png,7.6188,50.774,0.0226
1758_dehazed.png,7.6221,50.8757,0.0190
1759_dehazed.png,7.6262,51.008,0.0256
1760_dehazed.png,7.6338,51.1534,0.0299
1761_dehazed.png,7.6442,51.2538,0.0252
1762_dehazed.png,7.653,51.3326,0.0292
1763_dehazed.png,7.6589,51.3353,0.0251
1764_dehazed.png,7.6638,51.1875,0.0275
1765_dehazed.png,7.665,51.1675,0.0272
1766_dehazed.png,7.6498,50.7672,0.0276
1767_dehazed.png,7.6434,50.3983,0.0240
1768_dehazed.png,7.6421,50.2565,0.0278
1769_dehazed.png,7.6427,50.1447,0.0264
1770_dehazed.png,7.642,50.172,0.0286
1771_dehazed.png,7.6455,50.0491,0.0286
1772_dehazed.png,7.6517,50.0344,0.0269
1773_dehazed.png,7.6554,49.7348,0.0228
1774_dehazed.png,7.6652,49.5951,0.0220
1775_dehazed.png,7.6754,49.5129,0.0250
1776_dehazed.png,7.6855,49.5392,0.0267
1777_dehazed.png,7.6945,49.8608,0.0286
1778_dehazed.png,7.6927,49.9006,0.0221
1779_dehazed.png,7.691,49.8361,0.0211
1780_dehazed.png,7.6996,49.9446,0.0259
1781_dehazed.png,7.7109,50.3521,0.0266
1782_dehazed.png,7.7123,50.4083,0.0267
1783_dehazed.png,7.7105,50.3904,0.0292
1784_dehazed.png,7.7122,50.4445,0.0301
1785_dehazed.png,7.7163,50.457,0.0254
1786_dehazed.png,7.721,50.413,0.0235
1787_dehazed.png,7.7279,50.4369,0.0261
1788_dehazed.png,7.7296,50.3942,0.0203
1789_dehazed.png,7.7328,50.5375,0.0288
1790_dehazed.png,7.7323,50.394,0.0299
1791_dehazed.png,7.7339,50.3001,0.0298
1792_dehazed.png,7.736,50.3869,0.0212
1793_dehazed.png,7.7345,50.3971,0.0227
1794_dehazed.png,7.7329,50.3584,0.0244
1795_dehazed.png,7.7324,50.2887,0.0197
1796_dehazed.png,7.7316,50.3381,0.0301
1797_dehazed.png,7.7306,50.4347,0.0202
1798_dehazed.png,7.7295,50.5421,0.0203
1799_dehazed.png,7.73,50.7197,0.0216
1800_dehazed.png,7.7301,50.7439,0.0256
1801_dehazed.png,7.739,51.824,0.0288
1802_dehazed.png,7.7324,51.8206,0.0232
1803_dehazed.png,7.7319,52.1324,0.0296
1804_dehazed.png,7.7326,52.1618,0.0282
1805_dehazed.png,7.7338,52.143,0.0257
1806_dehazed.png,7.735,52.1613,0.0231
1807_dehazed.png,7.7365,52.1604,0.0254
1808_dehazed.png,7.7372,52.1339,0.0201
1809_dehazed.png,7.7402,52.0852,0.0254
1810_dehazed.png,7.743,52.122,0.0217
1811_dehazed.png,7.744,52.1372,0.0198
1812_dehazed.png,7.7441,51.878,0.0235
1813_dehazed.png,7.7503,51.9465,0.0279
1814_dehazed.png,7.7431,51.8417,0.0190
1815_dehazed.png,7.7441,51.9132,0.0256
1816_dehazed.png,7.7448,51.9166,0.0223
1817_dehazed.png,7.7454,51.8364,0.0276
1818_dehazed.png,7.7473,51.9297,0.0216
1819_dehazed.png,7.7482,51.9178,0.0249
1820_dehazed.png,7.7512,51.9891,0.0214
1821_dehazed.png,7.7517,52.0214,0.0208
1822_dehazed.png,7.7511,52.0243,0.0222
1823_dehazed.png,7.7505,52.0074,0.0251
1824_dehazed.png,7.7497,52.2574,0.0271
1825_dehazed.png,7.7595,52.7865,0.0287
1826_dehazed.png,7.7526,52.7759,0.0238
1827_dehazed.png,7.7519,52.7902,0.0301
1828_dehazed.png,7.7512,52.7948,0.0202
1829_dehazed.png,7.7487,52.7993,0.0195
1830_dehazed.png,7.7467,52.7364,0.0215
1831_dehazed.png,7.7466,52.685,0.0239
1832_dehazed.png,7.7434,52.7315,0.0283
1833_dehazed.png,7.7435,52.7313,0.0199
1834_dehazed.png,7.7438,52.695,0.0300
1835_dehazed.png,7.7419,52.6275,0.0238
1836_dehazed.png,7.7426,52.5565,0.0266
1837_dehazed.png,7.7511,52.8422,0.0272
1838_dehazed.png,7.7465,52.7312,0.0216
1839_dehazed.png,7.7457,52.6537,0.0259
1840_dehazed.png,7.7461,52.5766,0.0285
1841_dehazed.png,7.7469,52.4816,0.0214
1842_dehazed.png,7.7479,52.4744,0.0242
1843_dehazed.png,7.749,52.4682,0.0220
1844_dehazed.png,7.7505,52.4935,0.0216
1845_dehazed.png,7.7527,52.4783,0.0204
1846_dehazed.png,7.7537,52.4911,0.0290
1847_dehazed.png,7.7519,52.5026,0.0274
1848_dehazed.png,7.7531,52.5971,0.0284
1849_dehazed.png,7.7631,52.8676,0.0206
1850_dehazed.png,7.7578,52.7867,0.0215
1851_dehazed.png,7.7561,52.7939,0.0190
1852_dehazed.png,7.7549,52.7118,0.0192
1853_dehazed.png,7.7556,52.664,0.0252
1854_dehazed.png,7.756,52.6099,0.0295
1855_dehazed.png,7.7567,52.6387,0.0205
1856_dehazed.png,7.7562,52.6409,0.0236
1857_dehazed.png,7.7571,52.6366,0.0199
1858_dehazed.png,7.7574,52.675,0.0271
1859_dehazed.png,7.7581,52.6624,0.0292
1860_dehazed.png,7.7584,52.6903,0.0252
1861_dehazed.png,7.766,52.9858,0.0211
1862_dehazed.png,7.7598,52.9156,0.0291
1863_dehazed.png,7.7576,52.9484,0.0203
1864_dehazed.png,7.757,52.9157,0.0202
1865_dehazed.png,7.7574,52.8735,0.0265
1866_dehazed.png,7.7576,52.875,0.0271
1867_dehazed.png,7.7589,52.8673,0.0191
1868_dehazed.png,7.7594,52.8639,0.0259
1869_dehazed.png,7.7597,52.8507,0.0275
1870_dehazed.png,7.7596,52.8464,0.0294
1871_dehazed.png,7.7602,52.8549,0.0209
1872_dehazed.png,7.7618,52.8634,0.0269
1873_dehazed.png,7.7693,53.0581,0.0296
1874_dehazed.png,7.764,52.9874,0.0237
1875_dehazed.png,7.7645,52.9703,0.0243
1876_dehazed.png,7.7652,52.9603,0.0196
1877_dehazed.png,7.7668,52.9407,0.0257
1878_dehazed.png,7.7678,52.9174,0.0285
1879_dehazed.png,7.7684,52.8802,0.0279
1880_dehazed.png,7.7683,52.8297,0.0283
1881_dehazed.png,7.7691,52.8432,0.0255
1882_dehazed.png,7.769,52.8273,0.0246
1883_dehazed.png,7.769,52.8322,0.0251
1884_dehazed.png,7.7688,52.8282,0.0205
1885_dehazed.png,7.7734,52.9251,0.0217
1886_dehazed.png,7.7672,52.9028,0.0219
1887_dehazed.png,7.7657,52.9118,0.0276
1888_dehazed.png,7.7652,52.9046,0.0289
1889_dehazed.png,7.7648,52.9575,0.0229
1890_dehazed.png,7.7654,52.9654,0.0192
1891_dehazed.png,7.7648,52.9664,0.0277
1892_dehazed.png,7.7649,52.9282,0.0201
1893_dehazed.png,7.7646,52.8873,0.0289
1894_dehazed.png,7.764,52.8934,0.0227
1895_dehazed.png,7.7636,52.8685,0.0254
1896_dehazed.png,7.763,52.8624,0.0220
1897_dehazed.png,7.7681,52.9105,0.0285
1898_dehazed.png,7.7625,52.8931,0.0230
1899_dehazed.png,7.7625,52.8829,0.0254
1900_dehazed.png,7.7606,52.9033,0.0234
1901_dehazed.png,7.7561,52.4848,0.0292
1902_dehazed.png,7.754,52.4621,0.0241
1903_dehazed.png,7.7529,52.4366,0.0270
1904_dehazed.png,7.7534,52.454,0.0293
1905_dehazed.png,7.7529,52.4736,0.0192
1906_dehazed.png,7.753,52.486,0.0276
1907_dehazed.png,7.7529,52.4766,0.0285
1908_dehazed.png,7.7524,52.4539,0.0190
1909_dehazed.png,7.7598,52.3774,0.0274
1910_dehazed.png,7.7534,52.289,0.0298
1911_dehazed.png,7.7531,52.2937,0.0195
1912_dehazed.png,7.7522,52.3243,0.0191
1913_dehazed.png,7.7532,52.3506,0.0196
1914_dehazed.png,7.753,52.3786,0.0249
1915_dehazed.png,7.754,52.3904,0.0297
1916_dehazed.png,7.7549,52.3653,0.0239
1917_dehazed.png,7.7552,52.3815,0.0262
1918_dehazed.png,7.7565,52.3462,0.0277
1919_dehazed.png,7.7568,52.3225,0.0259
1920_dehazed.png,7.757,52.2694,0.0190
1921_dehazed.png,7.761,52.2965,0.0249
1922_dehazed.png,7.7562,52.1572,0.0194
1923_dehazed.png,7.7554,52.0704,0.0199
1924_dehazed.png,7.7549,51.9731,0.0252
1925_dehazed.png,7.7544,51.8861,0.0265
1926_dehazed.png,7.755,51.8824,0.0271
1927_dehazed.png,7.7549,51.9047,0.0253
1928_dehazed.png,7.7557,51.9423,0.0211
1929_dehazed.png,7.7558,51.9585,0.0195
1930_dehazed.png,7.7563,51.9783,0.0205
1931_dehazed.png,7.7567,51.9479,0.0268
1932_dehazed.png,7.7572,51.9398,0.0288
1933_dehazed.png,7.7616,52.0064,0.0266
1934_dehazed.png,7.7565,51.9391,0.0252
1935_dehazed.png,7.7563,51.9192,0.0232
1936_dehazed.png,7.7578,51.9291,0.0207
1937_dehazed.png,7.7587,51.915,0.0207
1938_dehazed.png,7.759,51.9186,0.0271
1939_dehazed.png,7.7612,51.941,0.0219
1940_dehazed.png,7.7613,51.9224,0.0224
1941_dehazed.png,7.7619,51.9395,0.0282
1942_dehazed.png,7.7626,51.9412,0.0213
1943_dehazed.png,7.7608,52.0038,0.0284
1944_dehazed.png,7.7624,52.0209,0.0294
1945_dehazed.png,7.7679,52.111,0.0234
1946_dehazed.png,7.7622,52.0383,0.0288
1947_dehazed.png,7.7617,52.0432,0.0300
1948_dehazed.png,7.7626,52.0549,0.0192
1949_dehazed.png,7.7631,52.0279,0.0241
1950_dehazed.png,7.7634,52.026,0.0284
1951_dehazed.png,7.7613,51.8465,0.0233
1952_dehazed.png,7.7609,51.7688,0.0216
1953_dehazed.png,7.7594,51.7254,0.0277
1954_dehazed.png,7.7596,51.6999,0.0247
1955_dehazed.png,7.7601,51.6992,0.0222
1956_dehazed.png,7.7587,51.6885,0.0274
1957_dehazed.png,7.7678,51.7596,0.0286
1958_dehazed.png,7.7614,51.7084,0.0214
1959_dehazed.png,7.7612,51.7109,0.0294
1960_dehazed.png,7.761,51.7262,0.0239
1961_dehazed.png,7.7617,51.7225,0.0214
1962_dehazed.png,7.7611,51.7497,0.0210
1963_dehazed.png,7.7615,51.7694,0.0217
1964_dehazed.png,7.7606,51.7856,0.0201
1965_dehazed.png,7.7592,51.8163,0.0223
1966_dehazed.png,7.7595,51.8547,0.0288
1967_dehazed.png,7.758,51.9238,0.0240
1968_dehazed.png,7.7577,51.986,0.0273
1969_dehazed.png,7.7655,52.2069,0.0196
1970_dehazed.png,7.7579,52.1808,0.0196
1971_dehazed.png,7.7557,52.1897,0.0284
1972_dehazed.png,7.7554,52.152,0.0229
1973_dehazed.png,7.7544,52.155,0.0240
1974_dehazed.png,7.7528,52.1555,0.0206
1975_dehazed.png,7.752,52.2013,0.0266
1976_dehazed.png,7.7521,52.2165,0.0257
1977_dehazed.png,7.7508,52.2157,0.0244
1978_dehazed.png,7.751,52.2,0.0294
1979_dehazed.png,7.7486,52.2487,0.0203
1980_dehazed.png,7.7475,52.2776,0.0280
1981_dehazed.png,7.7536,52.4239,0.0217
1982_dehazed.png,7.7456,52.4096,0.0223
1983_dehazed.png,7.7448,52.4404,0.0259
1984_dehazed.png,7.744,52.4821,0.0246
1985_dehazed.png,7.743,52.4693,0.0206
1986_dehazed.png,7.7431,52.5107,0.0272
1987_dehazed.png,7.7426,52.5242,0.0290
1988_dehazed.png,7.7417,52.5466,0.0215
1989_dehazed.png,7.7414,52.5947,0.0290
1990_dehazed.png,7.7412,52.6134,0.0272
1991_dehazed.png,7.7407,52.6365,0.0276
1992_dehazed.png,7.7401,52.6376,0.0267
1993_dehazed.png,7.748,52.7838,0.0218
1994_dehazed.png,7.7414,52.7393,0.0292
1995_dehazed.png,7.74,52.7269,0.0210
1996_dehazed.png,7.7401,52.7509,0.0254
1997_dehazed.png,7.7388,52.7726,0.0247
1998_dehazed.png,7.7393,52.7893,0.0219
1999_dehazed.png,7.7398,52.7867,0.0272
2000_dehazed.png,7.7404,52.7428,0.0264
2001_dehazed.png,7.7383,52.4515,0.0204
2002_dehazed.png,7.7368,52.4039,0.0264
2003_dehazed.png,7.7368,52.4421,0.0273
2004_dehazed.png,7.7355,52.5317,0.0271
2005_dehazed.png,7.7442,52.4409,0.0295
2006_dehazed.png,7.7348,52.3849,0.0289
2007_dehazed.png,7.7339,52.4124,0.0196
2008_dehazed.png,7.7342,52.3533,0.0255
2009_dehazed.png,7.735,52.3368,0.0199
2010_dehazed.png,7.7365,52.2955,0.0190
2011_dehazed.png,7.7358,52.287,0.0257
2012_dehazed.png,7.7362,52.2789,0.0279
2013_dehazed.png,7.7353,52.2594,0.0280
2014_dehazed.png,7.7347,52.1844,0.0260
2015_dehazed.png,7.7344,52.1561,0.0292
2016_dehazed.png,7.736,52.0855,0.0234
2017_dehazed.png,7.7402,52.1118,0.0300
2018_dehazed.png,7.7341,51.9653,0.0219
2019_dehazed.png,7.7339,51.7872,0.0249
2020_dehazed.png,7.7365,51.5512,0.0201
2021_dehazed.png,7.7386,51.4411,0.0235
2022_dehazed.png,7.7408,51.3474,0.0216
2023_dehazed.png,7.743,51.3298,0.0275
2024_dehazed.png,7.7423,51.301,0.0261
2025_dehazed.png,7.7425,51.2698,0.0297
2026_dehazed.png,7.7421,51.1725,0.0216
2027_dehazed.png,7.7407,51.149,0.0279
2028_dehazed.png,7.7383,51.1487,0.0236
2029_dehazed.png,7.7421,51.3641,0.0257
2030_dehazed.png,7.7331,51.4111,0.0190
2031_dehazed.png,7.7316,51.4395,0.0281
2032_dehazed.png,7.7308,51.46,0.0200
2033_dehazed.png,7.7291,51.5424,0.0236
2034_dehazed.png,7.7309,51.6183,0.0290
2035_dehazed.png,7.7305,51.6669,0.0219
2036_dehazed.png,7.7326,51.7557,0.0201
2037_dehazed.png,7.7335,51.8899,0.0294
2038_dehazed.png,7.7354,51.999,0.0211
2039_dehazed.png,7.7375,52.0548,0.0252
2040_dehazed.png,7.737,52.0736,0.0257
2041_dehazed.png,7.7461,52.356,0.0242
2042_dehazed.png,7.7416,52.2657,0.0230
2043_dehazed.png,7.7411,52.2428,0.0251
2044_dehazed.png,7.7399,52.0937,0.0197
2045_dehazed.png,7.7416,52.0044,0.0289
2046_dehazed.png,7.7421,51.8075,0.0241
2047_dehazed.png,7.7444,51.699,0.0196
2048_dehazed.png,7.7448,51.7131,0.0257
2049_dehazed.png,7.7475,51.7585,0.0234
2050_dehazed.png,7.7475,51.7859,0.0244
2051_dehazed.png,7.7508,51.6105,0.0228
2052_dehazed.png,7.7508,51.5917,0.0301
2053_dehazed.png,7.7621,51.6723,0.0264
2054_dehazed.png,7.7576,51.6017,0.0258
2055_dehazed.png,7.7586,51.4926,0.0280
2056_dehazed.png,7.7597,51.475,0.0284
2057_dehazed.png,7.7597,51.5056,0.0225
2058_dehazed.png,7.7609,51.4923,0.0207
2059_dehazed.png,7.761,51.4732,0.0241
2060_dehazed.png,7.7607,51.5013,0.0193
2061_dehazed.png,7.7614,51.4959,0.0248
2062_dehazed.png,7.7609,51.4768,0.0248
2063_dehazed.png,7.7605,51.4869,0.0265
2064_dehazed.png,7.76,51.4884,0.0228
2065_dehazed.png,7.7646,51.6052,0.0272
2066_dehazed.png,7.7586,51.5855,0.0209
2067_dehazed.png,7.7569,51.5395,0.0244
2068_dehazed.png,7.7562,51.5652,0.0290
2069_dehazed.png,7.7547,51.5449,0.0223
2070_dehazed.png,7.7546,51.5773,0.0235
2071_dehazed.png,7.7534,51.6064,0.0294
2072_dehazed.png,7.7529,51.6663,0.0255
2073_dehazed.png,7.7531,51.6997,0.0200
2074_dehazed.png,7.7516,51.7232,0.0297
2075_dehazed.png,7.7499,51.7296,0.0202
2076_dehazed.png,7.7482,51.7425,0.0278
2077_dehazed.png,7.7508,51.9388,0.0261
2078_dehazed.png,7.745,51.896,0.0232
2079_dehazed.png,7.743,51.8807,0.0295
2080_dehazed.png,7.7425,51.8944,0.0225
2081_dehazed.png,7.7438,51.9058,0.0196
2082_dehazed.png,7.7424,51.9222,0.0190
2083_dehazed.png,7.7428,51.9528,0.0208
2084_dehazed.png,7.7432,51.9626,0.0266
2085_dehazed.png,7.7425,52.0104,0.0273
2086_dehazed.png,7.7421,52.0185,0.0270
2087_dehazed.png,7.7415,52.0235,0.0296
2088_dehazed.png,7.741,52.0494,0.0248
2089_dehazed.png,7.7498,52.3687,0.0278
2090_dehazed.png,7.7443,52.3293,0.0282
2091_dehazed.png,7.7427,52.3287,0.0208
2092_dehazed.png,7.7413,52.3548,0.0275
2093_dehazed.png,7.7406,52.3739,0.0266
2094_dehazed.png,7.74,52.3934,0.0298
2095_dehazed.png,7.7397,52.3845,0.0239
2096_dehazed.png,7.7396,52.3667,0.0253
2097_dehazed.png,7.7395,52.3758,0.0239
2098_dehazed.png,7.741,52.3587,0.0256
2099_dehazed.png,7.7417,52.4113,0.0190
2100_dehazed.png,7.7423,52.4474,0.0300
2101_dehazed.png,7.7505,52.3911,0.0217
2102_dehazed.png,7.7447,52.3105,0.0294
2103_dehazed.png,7.7436,52.3112,0.0191
2104_dehazed.png,7.7435,52.3262,0.0248
2105_dehazed.png,7.7434,52.3555,0.0213
2106_dehazed.png,7.7438,52.3541,0.0299
2107_dehazed.png,7.7447,52.3664,0.0241
2108_dehazed.png,7.7457,52.3954,0.0300
2109_dehazed.png,7.7459,52.4343,0.0283
2110_dehazed.png,7.7464,52.4444,0.0218
2111_dehazed.png,7.7462,52.429,0.0271
2112_dehazed.png,7.7467,52.4256,0.0209
2113_dehazed.png,7.7539,52.7044,0.0239
2114_dehazed.png,7.7484,52.631,0.0237
2115_dehazed.png,7.7486,52.6035,0.0250
2116_dehazed.png,7.7493,52.5886,0.0277
2117_dehazed.png,7.749,52.595,0.0264
2118_dehazed.png,7.7488,52.5613,0.0190
2119_dehazed.png,7.7489,52.5445,0.0294
2120_dehazed.png,7.7491,52.5031,0.0299
2121_dehazed.png,7.7493,52.5111,0.0206
2122_dehazed.png,7.7497,52.498,0.0192
2123_dehazed.png,7.75,52.4901,0.0238
2124_dehazed.png,7.7501,52.4734,0.0278
2125_dehazed.png,7.7572,52.5805,0.0285
2126_dehazed.png,7.7527,52.5362,0.0262
2127_dehazed.png,7.7524,52.5498,0.0280
2128_dehazed.png,7.7534,52.6081,0.0206
2129_dehazed.png,7.7552,52.6812,0.0236
2130_dehazed.png,7.7559,52.7699,0.0231
2131_dehazed.png,7.7545,52.7967,0.0211
2132_dehazed.png,7.7537,52.7683,0.0250
2133_dehazed.png,7.752,52.7387,0.0236
2134_dehazed.png,7.7513,52.7017,0.0192
2135_dehazed.png,7.7523,52.7775,0.0223
2136_dehazed.png,7.7518,52.7632,0.0297
2137_dehazed.png,7.758,52.7251,0.0200
2138_dehazed.png,7.7528,52.6586,0.0227
2139_dehazed.png,7.7512,52.4928,0.0249
2140_dehazed.png,7.7506,52.4475,0.0218
2141_dehazed.png,7.7493,52.4648,0.0206
2142_dehazed.png,7.7493,52.4295,0.0199
2143_dehazed.png,7.749,52.381,0.0223
2144_dehazed.png,7.7489,52.3383,0.0297
2145_dehazed.png,7.7503,52.3337,0.0270
2146_dehazed.png,7.7504,52.3063,0.0261
2147_dehazed.png,7.751,52.2912,0.0216
2148_dehazed.png,7.7508,52.3071,0.0287
2149_dehazed.png,7.7567,52.3936,0.0194
2150_dehazed.png,7.7507,52.3129,0.0286
2151_dehazed.png,7.7458,52.1115,0.0269
2152_dehazed.png,7.7449,52.0738,0.0221
2153_dehazed.png,7.746,52.0529,0.0215
2154_dehazed.png,7.7468,51.9945,0.0279
2155_dehazed.png,7.7484,51.9861,0.0253
2156_dehazed.png,7.7495,52.0121,0.0243
2157_dehazed.png,7.7501,51.985,0.0199
2158_dehazed.png,7.7511,52.0489,0.0214
2159_dehazed.png,7.752,52.025,0.0220
2160_dehazed.png,7.7525,51.9529,0.0194
2161_dehazed.png,7.7618,51.8199,0.0209
2162_dehazed.png,7.7578,51.881,0.0288
2163_dehazed.png,7.7576,51.964,0.0298
2164_dehazed.png,7.7576,51.7743,0.0243
2165_dehazed.png,7.7571,51.6982,0.0224
2166_dehazed.png,7.7568,51.729,0.0262
2167_dehazed.png,7.7568,51.7507,0.0238
2168_dehazed.png,7.7582,51.7598,0.0217
2169_dehazed.png,7.758,51.8782,0.0293
2170_dehazed.png,7.7581,51.9056,0.0212
2171_dehazed.png,7.7576,51.8237,0.0219
2172_dehazed.png,7.7572,51.7913,0.0221
2173_dehazed.png,7.7616,51.8615,0.0234
2174_dehazed.png,7.7567,51.7875,0.0284
2175_dehazed.png,7.7561,51.7486,0.0198
2176_dehazed.png,7.7577,51.798,0.0229
2177_dehazed.png,7.7561,51.7507,0.0243
2178_dehazed.png,7.7555,51.7432,0.0293
2179_dehazed.png,7.7557,51.7465,0.0263
2180_dehazed.png,7.7569,51.7184,0.0231
2181_dehazed.png,7.7562,51.7587,0.0235
2182_dehazed.png,7.7567,51.7571,0.0205
2183_dehazed.png,7.7548,51.7464,0.0301
2184_dehazed.png,7.7555,51.8167,0.0238
2185_dehazed.png,7.7601,51.9315,0.0279
2186_dehazed.png,7.7574,51.8516,0.0264
2187_dehazed.png,7.7581,51.8523,0.0237
2188_dehazed.png,7.756,51.8398,0.0205
2189_dehazed.png,7.7549,51.8055,0.0276
2190_dehazed.png,7.7549,51.8746,0.0226
2191_dehazed.png,7.7539,51.7559,0.0236
2192_dehazed.png,7.7533,51.8784,0.0228
2193_dehazed.png,7.753,51.9625,0.0273
2194_dehazed.png,7.7519,51.9588,0.0284
2195_dehazed.png,7.7538,51.8581,0.0237
2196_dehazed.png,7.7545,51.8928,0.0295
2197_dehazed.png,7.762,52.0615,0.0256
2198_dehazed.png,7.7569,51.8773,0.0292
2199_dehazed.png,7.7552,51.944,0.0223
2200_dehazed.png,7.7535,51.9425,0.0205
2201_dehazed.png,7.753,51.7093,0.0248
2202_dehazed.png,7.7521,51.6761,0.0196
2203_dehazed.png,7.752,51.7018,0.0230
2204_dehazed.png,7.753,51.7234,0.0239
2205_dehazed.png,7.7536,51.7741,0.0228
2206_dehazed.png,7.7522,51.812,0.0190
2207_dehazed.png,7.7512,51.7614,0.0222
2208_dehazed.png,7.7517,51.7279,0.0220
2209_dehazed.png,7.7584,51.6175,0.0246
2210_dehazed.png,7.7535,51.5544,0.0302
2211_dehazed.png,7.753,51.5648,0.0199
2212_dehazed.png,7.7534,51.5684,0.0259
2213_dehazed.png,7.7531,51.5607,0.0268
2214_dehazed.png,7.7538,51.5872,0.0214
2215_dehazed.png,7.7542,51.5879,0.0232
2216_dehazed.png,7.7546,51.5961,0.0244
2217_dehazed.png,7.7542,51.6446,0.0234
2218_dehazed.png,7.7549,51.5379,0.0244
2219_dehazed.png,7.7548,51.5014,0.0189
2220_dehazed.png,7.753,51.5629,0.0246
2221_dehazed.png,7.7599,51.8355,0.0280
2222_dehazed.png,7.7545,51.8066,0.0217
2223_dehazed.png,7.7548,51.8272,0.0288
2224_dehazed.png,7.7542,51.8156,0.0297
2225_dehazed.png,7.7562,51.7405,0.0290
2226_dehazed.png,7.7577,51.6765,0.0198
2227_dehazed.png,7.7594,51.6692,0.0202
2228_dehazed.png,7.7603,51.7485,0.0226
2229_dehazed.png,7.7611,51.7238,0.0212
2230_dehazed.png,7.7611,51.7018,0.0259
2231_dehazed.png,7.7597,51.6943,0.0203
2232_dehazed.png,7.7601,51.6855,0.0213
2233_dehazed.png,7.7667,51.7779,0.0297
2234_dehazed.png,7.7623,51.7977,0.0197
2235_dehazed.png,7.7634,51.8374,0.0210
2236_dehazed.png,7.7624,51.8294,0.0226
2237_dehazed.png,7.7611,51.7684,0.0213
2238_dehazed.png,7.7608,51.7716,0.0258
2239_dehazed.png,7.7622,51.7868,0.0228
2240_dehazed.png,7.7614,51.7535,0.0219
2241_dehazed.png,7.7616,51.7589,0.0280
2242_dehazed.png,7.7613,51.7955,0.0251
2243_dehazed.png,7.7619,51.8454,0.0197
2244_dehazed.png,7.7627,51.8675,0.0271
2245_dehazed.png,7.7668,52.0375,0.0216
2246_dehazed.png,7.7626,52.0402,0.0204
2247_dehazed.png,7.7611,52.0624,0.0197
2248_dehazed.png,7.7605,52.0434,0.0294
2249_dehazed.png,7.7607,52.0631,0.0221
2250_dehazed.png,7.7621,52.1593,0.0300
2251_dehazed.png,7.7572,51.916,0.0292
2252_dehazed.png,7.7566,51.9871,0.0240
2253_dehazed.png,7.7552,52.0549,0.0233
2254_dehazed.png,7.755,51.953,0.0279
2255_dehazed.png,7.7542,51.9369,0.0224
2256_dehazed.png,7.7553,51.9898,0.0240
2257_dehazed.png,7.7656,52.019,0.0201
2258_dehazed.png,7.7607,52.0116,0.0212
2259_dehazed.png,7.76,52.0785,0.0272
2260_dehazed.png,7.7603,52.063,0.0230
2261_dehazed.png,7.7584,51.9823,0.0207
2262_dehazed.png,7.7582,51.9371,0.0282
2263_dehazed.png,7.7572,52.0028,0.0297
2264_dehazed.png,7.7563,51.9802,0.0254
2265_dehazed.png,7.7547,51.9757,0.0267
2266_dehazed.png,7.754,51.9696,0.0283
2267_dehazed.png,7.7524,52.0001,0.0271
2268_dehazed.png,7.7505,52.0565,0.0259
2269_dehazed.png,7.757,52.2305,0.0265
2270_dehazed.png,7.7523,52.1615,0.0210
2271_dehazed.png,7.7527,52.1646,0.0228
2272_dehazed.png,7.7519,52.1547,0.0277
2273_dehazed.png,7.7522,52.1307,0.0221
2274_dehazed.png,7.752,52.18,0.0218
2275_dehazed.png,7.7534,52.2221,0.0261
2276_dehazed.png,7.754,52.2494,0.0230
2277_dehazed.png,7.7554,52.2928,0.0279
2278_dehazed.png,7.7563,52.297,0.0280
2279_dehazed.png,7.7547,52.272,0.0204
2280_dehazed.png,7.7558,52.2717,0.0301
2281_dehazed.png,7.7602,52.3625,0.0291
2282_dehazed.png,7.7531,52.2993,0.0228
2283_dehazed.png,7.7528,52.2776,0.0238
2284_dehazed.png,7.7517,52.3192,0.0251
2285_dehazed.png,7.7517,52.3383,0.0239
2286_dehazed.png,7.751,52.3614,0.0282
2287_dehazed.png,7.7523,52.363,0.0255
2288_dehazed.png,7.7517,52.3837,0.0203
2289_dehazed.png,7.752,52.3713,0.0242
2290_dehazed.png,7.7515,52.3681,0.0223
2291_dehazed.png,7.7512,52.3758,0.0205
2292_dehazed.png,7.7511,52.4089,0.0208
2293_dehazed.png,7.7585,52.5686,0.0297
2294_dehazed.png,7.753,52.5577,0.0274
2295_dehazed.png,7.7523,52.5382,0.0236
2296_dehazed.png,7.7511,52.5226,0.0230
2297_dehazed.png,7.7521,52.4821,0.0250
2298_dehazed.png,7.7508,52.4625,0.0239
2299_dehazed.png,7.75,52.4744,0.0204
2300_dehazed.png,7.7499,52.4617,0.0279
2301_dehazed.png,7.7456,52.2724,0.0278
2302_dehazed.png,7.7439,52.2422,0.0205
2303_dehazed.png,7.7435,52.2609,0.0260
2304_dehazed.png,7.7419,52.2837,0.0281
2305_dehazed.png,7.7503,52.1784,0.0227
2306_dehazed.png,7.7465,52.168,0.0260
2307_dehazed.png,7.7455,52.1808,0.0255
2308_dehazed.png,7.7451,52.1635,0.0200
2309_dehazed.png,7.7433,52.1486,0.0275
2310_dehazed.png,7.7434,52.1278,0.0292
2311_dehazed.png,7.7442,52.1155,0.0266
2312_dehazed.png,7.7442,52.0837,0.0218
2313_dehazed.png,7.7444,52.0309,0.0229
2314_dehazed.png,7.7444,51.9948,0.0225
2315_dehazed.png,7.7444,51.9909,0.0239
2316_dehazed.png,7.7438,51.9634,0.0245
2317_dehazed.png,7.7487,52.1358,0.0287
2318_dehazed.png,7.7441,52.0606,0.0274
2319_dehazed.png,7.7433,52.0514,0.0191
2320_dehazed.png,7.7426,52.0477,0.0280
2321_dehazed.png,7.7432,52.0276,0.0241
2322_dehazed.png,7.7432,52.0339,0.0294
2323_dehazed.png,7.7432,51.9901,0.0228
2324_dehazed.png,7.7439,51.9854,0.0244
2325_dehazed.png,7.7443,51.9441,0.0226
2326_dehazed.png,7.7449,51.9088,0.0197
2327_dehazed.png,7.7455,51.903,0.0205
2328_dehazed.png,7.7463,51.9004,0.0255
2329_dehazed.png,7.7504,52.0377,0.0263
2330_dehazed.png,7.7457,51.9877,0.0270
2331_dehazed.png,7.7445,51.9954,0.0247
2332_dehazed.png,7.7438,51.98,0.0296
2333_dehazed.png,7.7443,52.0023,0.0200
2334_dehazed.png,7.7443,51.9803,0.0270
2335_dehazed.png,7.7462,51.9847,0.0208
2336_dehazed.png,7.7465,52.0402,0.0293
2337_dehazed.png,7.7467,52.0047,0.0206
2338_dehazed.png,7.745,51.9579,0.0190
2339_dehazed.png,7.7446,51.964,0.0225
2340_dehazed.png,7.7433,51.9564,0.0290
2341_dehazed.png,7.7496,51.952,0.0265
2342_dehazed.png,7.745,51.788,0.0259
2343_dehazed.png,7.7457,51.7538,0.0278
2344_dehazed.png,7.7441,51.6363,0.0276
2345_dehazed.png,7.7441,51.5486,0.0287
2346_dehazed.png,7.7445,51.5355,0.0278
2347_dehazed.png,7.745,51.4574,0.0257
2348_dehazed.png,7.7458,51.4684,0.0207
2349_dehazed.png,7.7456,51.4379,0.0271
2350_dehazed.png,7.7452,51.433,0.0276
2351_dehazed.png,7.742,51.0606,0.0297
2352_dehazed.png,7.7422,50.995,0.0244
2353_dehazed.png,7.7482,50.722,0.0229
2354_dehazed.png,7.7444,50.6381,0.0270
2355_dehazed.png,7.7436,50.7023,0.0290
2356_dehazed.png,7.7458,50.7156,0.0261
2357_dehazed.png,7.7464,50.7301,0.0200
2358_dehazed.png,7.7476,50.7854,0.0198
2359_dehazed.png,7.7461,50.7479,0.0213
2360_dehazed.png,7.7465,50.78,0.0242
2361_dehazed.png,7.7481,50.8529,0.0295
2362_dehazed.png,7.747,50.8625,0.0257
2363_dehazed.png,7.7472,50.8603,0.0210
2364_dehazed.png,7.7455,50.8837,0.0273
2365_dehazed.png,7.751,50.97,0.0255
2366_dehazed.png,7.7466,50.9079,0.0199
2367_dehazed.png,7.7451,50.9233,0.0221
2368_dehazed.png,7.7449,50.9178,0.0256
2369_dehazed.png,7.746,50.9247,0.0284
2370_dehazed.png,7.7459,50.9286,0.0237
2371_dehazed.png,7.7468,50.9874,0.0204
2372_dehazed.png,7.7459,51.0698,0.0243
2373_dehazed.png,7.7473,51.0173,0.0209
2374_dehazed.png,7.7483,51.023,0.0213
2375_dehazed.png,7.7486,50.9756,0.0212
2376_dehazed.png,7.7491,50.9333,0.0296
2377_dehazed.png,7.7541,51.0346,0.0290
2378_dehazed.png,7.7489,50.982,0.0291
2379_dehazed.png,7.7485,51.0065,0.0193
2380_dehazed.png,7.7488,51.0424,0.0210
2381_dehazed.png,7.7473,51.0462,0.0233
2382_dehazed.png,7.7482,51.0369,0.0247
2383_dehazed.png,7.7482,50.9884,0.0251
2384_dehazed.png,7.7485,50.9665,0.0203
2385_dehazed.png,7.7487,50.9777,0.0257
2386_dehazed.png,7.7491,50.9475,0.0239
2387_dehazed.png,7.7497,50.791,0.0287
2388_dehazed.png,7.7488,50.7144,0.0300
2389_dehazed.png,7.7554,50.7313,0.0222
2390_dehazed.png,7.752,50.6979,0.0204
2391_dehazed.png,7.7537,50.6841,0.0198
2392_dehazed.png,7.7552,50.6736,0.0226
2393_dehazed.png,7.7534,50.6733,0.0234
2394_dehazed.png,7.7547,50.6459,0.0209
2395_dehazed.png,7.7535,50.6241,0.0252
2396_dehazed.png,7.7538,50.6568,0.0249
2397_dehazed.png,7.7554,50.6396,0.0262
2398_dehazed.png,7.7547,50.5638,0.0221
2399_dehazed.png,7.755,50.4902,0.0190
2400_dehazed.png,7.7545,50.4999,0.0207
2401_dehazed.png,7.7567,49.7873,0.0258
2402_dehazed.png,7.7522,49.7131,0.0231
2403_dehazed.png,7.7505,49.6731,0.0207
2404_dehazed.png,7.7491,49.6853,0.0238
2405_dehazed.png,7.7487,49.7417,0.0232
2406_dehazed.png,7.7476,49.768,0.0261
2407_dehazed.png,7.7468,49.7633,0.0277
2408_dehazed.png,7.7474,49.7938,0.0203
2409_dehazed.png,7.746,49.6985,0.0262
2410_dehazed.png,7.7439,49.5666,0.0257
2411_dehazed.png,7.7444,49.4783,0.0297
2412_dehazed.png,7.7454,49.6325,0.0237
2413_dehazed.png,7.7472,49.88,0.0233
2414_dehazed.png,7.7438,49.8567,0.0243
2415_dehazed.png,7.7431,49.9341,0.0207
2416_dehazed.png,7.7434,49.9762,0.0282
2417_dehazed.png,7.7435,50.0491,0.0298
2418_dehazed.png,7.7444,50.1081,0.0271
2419_dehazed.png,7.7438,50.1702,0.0235
2420_dehazed.png,7.7449,50.2157,0.0275
2421_dehazed.png,7.7461,50.1724,0.0248
2422_dehazed.png,7.7476,50.2374,0.0217
2423_dehazed.png,7.7492,50.2985,0.0258
2424_dehazed.png,7.7503,50.3405,0.0200
2425_dehazed.png,7.7573,50.5479,0.0298
2426_dehazed.png,7.7532,50.5155,0.0191
2427_dehazed.png,7.7526,50.5007,0.0241
2428_dehazed.png,7.7523,50.4935,0.0292
2429_dehazed.png,7.752,50.4761,0.0266
2430_dehazed.png,7.7537,50.4556,0.0200
2431_dehazed.png,7.7537,50.4394,0.0259
2432_dehazed.png,7.7549,50.4468,0.0240
2433_dehazed.png,7.7554,50.4317,0.0191
2434_dehazed.png,7.7554,50.4291,0.0282
2435_dehazed.png,7.7549,50.4596,0.0214
2436_dehazed.png,7.7548,50.5123,0.0200
2437_dehazed.png,7.7609,50.801,0.0199
2438_dehazed.png,7.7557,50.8029,0.0252
2439_dehazed.png,7.7565,50.8527,0.0283
2440_dehazed.png,7.755,50.874,0.0192
2441_dehazed.png,7.7556,50.8961,0.0252
2442_dehazed.png,7.7541,50.9397,0.0222
2443_dehazed.png,7.7537,50.9766,0.0237
2444_dehazed.png,7.7529,51.0131,0.0218
2445_dehazed.png,7.7541,51.0773,0.0302
2446_dehazed.png,7.7534,51.1832,0.0205
2447_dehazed.png,7.7539,51.2192,0.0245
2448_dehazed.png,7.7544,51.2705,0.0288
2449_dehazed.png,7.7583,51.5307,0.0232
2450_dehazed.png,7.7518,51.4958,0.0295
2451_dehazed.png,7.7516,51.5548,0.0246
2452_dehazed.png,7.7494,51.5371,0.0233
2453_dehazed.png,7.7483,51.5354,0.0282
2454_dehazed.png,7.7495,51.4981,0.0251
2455_dehazed.png,7.7488,51.4945,0.0285
2456_dehazed.png,7.7492,51.4754,0.0212
2457_dehazed.png,7.7494,51.476,0.0261
2458_dehazed.png,7.7489,51.498,0.0231
2459_dehazed.png,7.7484,51.521,0.0261
2460_dehazed.png,7.7491,51.5257,0.0225
2461_dehazed.png,7.7592,51.6718,0.0261
2462_dehazed.png,7.7543,51.6296,0.0225
2463_dehazed.png,7.7527,51.643,0.0222
2464_dehazed.png,7.7525,51.6632,0.0292
2465_dehazed.png,7.7523,51.7011,0.0224
2466_dehazed.png,7.7514,51.7399,0.0219
2467_dehazed.png,7.7503,51.7813,0.0219
2468_dehazed.png,7.7512,51.8029,0.0235
2469_dehazed.png,7.7503,51.8085,0.0265
2470_dehazed.png,7.7503,51.8312,0.0267
2471_dehazed.png,7.7502,51.8464,0.0282
2472_dehazed.png,7.7505,51.8402,0.0283
2473_dehazed.png,7.7554,52.0613,0.0212
2474_dehazed.png,7.7503,51.9941,0.0220
2475_dehazed.png,7.7496,51.9962,0.0257
2476_dehazed.png,7.7485,52.0382,0.0225
2477_dehazed.png,7.7495,52.0681,0.0244
2478_dehazed.png,7.7488,52.0786,0.0211
2479_dehazed.png,7.7474,52.1091,0.0244
2480_dehazed.png,7.748,52.114,0.0271
2481_dehazed.png,7.747,52.1385,0.0295
2482_dehazed.png,7.7475,52.1582,0.0250
2483_dehazed.png,7.7461,52.1738,0.0217
2484_dehazed.png,7.7461,52.1887,0.0254
2485_dehazed.png,7.7515,52.4419,0.0251
2486_dehazed.png,7.7466,52.3703,0.0209
2487_dehazed.png,7.7449,52.3308,0.0231
2488_dehazed.png,7.7439,52.3108,0.0225
2489_dehazed.png,7.7433,52.3404,0.0239
2490_dehazed.png,7.7439,52.3759,0.0204
2491_dehazed.png,7.743,52.3976,0.0270
2492_dehazed.png,7.743,52.4171,0.0254
2493_dehazed.png,7.7442,52.4387,0.0245
2494_dehazed.png,7.7444,52.4717,0.0295
2495_dehazed.png,7.7436,52.4918,0.0225
2496_dehazed.png,7.7451,52.5455,0.0193
2497_dehazed.png,7.7499,52.8284,0.0218
2498_dehazed.png,7.7438,52.8015,0.0243
2499_dehazed.png,7.7423,52.7992,0.0264
2500_dehazed.png,7.7414,52.7954,0.0204
2501_dehazed.png,7.742,52.7043,0.0224
2502_dehazed.png,7.741,52.6556,0.0205
2503_dehazed.png,7.7413,52.655,0.0243
2504_dehazed.png,7.7399,52.6451,0.0243
2505_dehazed.png,7.7399,52.647,0.0217
2506_dehazed.png,7.7407,52.6235,0.0208
2507_dehazed.png,7.7402,52.6246,0.0235
2508_dehazed.png,7.7419,52.6251,0.0280
2509_dehazed.png,7.7518,52.6996,0.0195
2510_dehazed.png,7.7462,52.6859,0.0234
2511_dehazed.png,7.7461,52.7051,0.0191
2512_dehazed.png,7.7466,52.7397,0.0284
2513_dehazed.png,7.7464,52.76,0.0275
2514_dehazed.png,7.7464,52.7535,0.0189
2515_dehazed.png,7.7481,52.7601,0.0214
2516_dehazed.png,7.7487,52.7851,0.0261
2517_dehazed.png,7.749,52.8288,0.0296
2518_dehazed.png,7.7499,52.8566,0.0219
2519_dehazed.png,7.7494,52.8859,0.0244
2520_dehazed.png,7.7502,52.8868,0.0197
2521_dehazed.png,7.7547,53.1291,0.0199
2522_dehazed.png,7.7478,53.1172,0.0227
2523_dehazed.png,7.7472,53.1037,0.0225
2524_dehazed.png,7.7466,53.118,0.0215
2525_dehazed.png,7.7468,53.1204,0.0241
2526_dehazed.png,7.7471,53.0998,0.0256
2527_dehazed.png,7.7462,53.1247,0.0264
2528_dehazed.png,7.7462,53.0998,0.0216
2529_dehazed.png,7.7454,53.0689,0.0214
2530_dehazed.png,7.7447,53.0792,0.0268
2531_dehazed.png,7.7446,53.0549,0.0291
2532_dehazed.png,7.7451,53.0324,0.0269
2533_dehazed.png,7.7514,53.2004,0.0259
2534_dehazed.png,7.7466,53.1319,0.0229
2535_dehazed.png,7.7455,53.1179,0.0265
2536_dehazed.png,7.7451,53.0992,0.0284
2537_dehazed.png,7.745,53.0834,0.0214
2538_dehazed.png,7.7461,53.0522,0.0288
2539_dehazed.png,7.7453,53.0331,0.0215
2540_dehazed.png,7.7452,53.0284,0.0236
2541_dehazed.png,7.7467,53.0326,0.0299
2542_dehazed.png,7.7456,53.0269,0.0216
2543_dehazed.png,7.7469,53.0675,0.0233
2544_dehazed.png,7.7474,53.0579,0.0204
2545_dehazed.png,7.7527,53.1995,0.0282
2546_dehazed.png,7.7488,53.1673,0.0221
2547_dehazed.png,7.7493,53.1739,0.0210
2548_dehazed.png,7.7486,53.2015,0.0201
2549_dehazed.png,7.7491,53.2097,0.0289
2550_dehazed.png,7.7495,53.2127,0.0241
2551_dehazed.png,7.75,53.0527,0.0237
2552_dehazed.png,7.7501,53.0069,0.0219
2553_dehazed.png,7.7495,52.9894,0.0204
2554_dehazed.png,7.7504,52.9915,0.0290
2555_dehazed.png,7.7511,52.973,0.0272
2556_dehazed.png,7.7513,52.964,0.0209
2557_dehazed.png,7.7587,52.9222,0.0269
2558_dehazed.png,7.7557,52.8592,0.0200
2559_dehazed.png,7.7562,52.8531,0.0285
2560_dehazed.png,7.7562,52.832,0.0196
2561_dehazed.png,7.7563,52.8323,0.0224
2562_dehazed.png,7.757,52.8433,0.0269
2563_dehazed.png,7.7569,52.8401,0.0256
2564_dehazed.png,7.757,52.8652,0.0293
2565_dehazed.png,7.7573,52.871,0.0192
2566_dehazed.png,7.7564,52.8785,0.0291
2567_dehazed.png,7.7561,52.8649,0.0233
2568_dehazed.png,7.756,52.8506,0.0212
2569_dehazed.png,7.7618,53.0204,0.0215
2570_dehazed.png,7.7584,52.9758,0.0222
2571_dehazed.png,7.7582,52.9688,0.0277
2572_dehazed.png,7.758,52.9675,0.0235
2573_dehazed.png,7.7583,52.9577,0.0195
2574_dehazed.png,7.7587,52.9698,0.0200
2575_dehazed.png,7.759,52.9713,0.0267
2576_dehazed.png,7.7588,52.9926,0.0299
2577_dehazed.png,7.7588,52.9997,0.0259
2578_dehazed.png,7.7595,52.9775,0.0236
2579_dehazed.png,7.759,52.9716,0.0284
2580_dehazed.png,7.7596,52.9846,0.0204
2581_dehazed.png,7.7647,53.1569,0.0200
2582_dehazed.png,7.7598,53.127,0.0199
2583_dehazed.png,7.7589,53.1445,0.0252
2584_dehazed.png,7.7576,53.1585,0.0243
2585_dehazed.png,7.7579,53.1881,0.0202
2586_dehazed.png,7.7575,53.2052,0.0213
2587_dehazed.png,7.7567,53.1952,0.0198
2588_dehazed.png,7.757,53.2014,0.0278
2589_dehazed.png,7.7569,53.2157,0.0212
2590_dehazed.png,7.7567,53.2294,0.0209
2591_dehazed.png,7.7554,53.231,0.0267
2592_dehazed.png,7.7554,53.2402,0.0285
2593_dehazed.png,7.7593,53.3842,0.0287
2594_dehazed.png,7.7557,53.3374,0.0301
2595_dehazed.png,7.7548,53.3393,0.0278
2596_dehazed.png,7.7546,53.3386,0.0232
2597_dehazed.png,7.754,53.3439,0.0286
2598_dehazed.png,7.7535,53.3573,0.0283
2599_dehazed.png,7.7531,53.3765,0.0207
2600_dehazed.png,7.7526,53.4008,0.0284
2601_dehazed.png,7.7519,53.2113,0.0282
2602_dehazed.png,7.7514,53.1579,0.0189
2603_dehazed.png,7.7513,53.1285,0.0267
2604_dehazed.png,7.7518,53.0947,0.0229
2605_dehazed.png,7.7551,53.0133,0.0253
2606_dehazed.png,7.7517,52.973,0.0263
2607_dehazed.png,7.7522,52.9698,0.0192
2608_dehazed.png,7.7521,52.9632,0.0267
2609_dehazed.png,7.7519,52.9812,0.0207
2610_dehazed.png,7.7522,53.001,0.0247
2611_dehazed.png,7.7522,53.0238,0.0245
2612_dehazed.png,7.7527,53.0352,0.0200
2613_dehazed.png,7.7517,53.0331,0.0234
2614_dehazed.png,7.7514,53.028,0.0250
2615_dehazed.png,7.7523,53.0477,0.0210
2616_dehazed.png,7.7518,53.0712,0.0281
2617_dehazed.png,7.7566,53.3273,0.0218
2618_dehazed.png,7.7523,53.3075,0.0252
2619_dehazed.png,7.7517,53.2839,0.0212
2620_dehazed.png,7.7519,53.298,0.0228
2621_dehazed.png,7.7516,53.2924,0.0214
2622_dehazed.png,7.7521,53.3073,0.0220
2623_dehazed.png,7.7519,53.3023,0.0226
2624_dehazed.png,7.7513,53.3244,0.0268
2625_dehazed.png,7.7518,53.3364,0.0209
2626_dehazed.png,7.7524,53.3513,0.0290
2627_dehazed.png,7.7531,53.3645,0.0228
2628_dehazed.png,7.7541,53.3785,0.0210
2629_dehazed.png,7.7611,53.5607,0.0289
2630_dehazed.png,7.756,53.5172,0.0197
2631_dehazed.png,7.757,53.5253,0.0218
2632_dehazed.png,7.7569,53.5297,0.0246
2633_dehazed.png,7.7578,53.5255,0.0256
2634_dehazed.png,7.7584,53.5186,0.0225
2635_dehazed.png,7.7592,53.5146,0.0228
2636_dehazed.png,7.7593,53.5143,0.0196
2637_dehazed.png,7.7597,53.5061,0.0293
2638_dehazed.png,7.7592,53.5066,0.0244
2639_dehazed.png,7.7598,53.4662,0.0263
2640_dehazed.png,7.7597,53.4422,0.0292
2641_dehazed.png,7.7657,53.5193,0.0265
2642_dehazed.png,7.7603,53.4571,0.0206
2643_dehazed.png,7.759,53.444,0.0280
2644_dehazed.png,7.7593,53.4281,0.0256
2645_dehazed.png,7.7596,53.4228,0.0213
2646_dehazed.png,7.7585,53.4406,0.0298
2647_dehazed.png,7.7583,53.4406,0.0243
2648_dehazed.png,7.7592,53.416,0.0265
2649_dehazed.png,7.7585,53.4052,0.0287
2650_dehazed.png,7.7582,53.3998,0.0199
2651_dehazed.png,7.7583,53.1141,0.0259
2652_dehazed.png,7.7588,53.082,0.0253
2653_dehazed.png,7.7632,52.8051,0.0283
2654_dehazed.png,7.7596,52.7609,0.0287
2655_dehazed.png,7.7592,52.7657,0.0256
2656_dehazed.png,7.759,52.7644,0.0218
2657_dehazed.png,7.7592,52.7794,0.0265
2658_dehazed.png,7.7582,52.8212,0.0284
2659_dehazed.png,7.7578,52.8454,0.0207
2660_dehazed.png,7.7588,52.8475,0.0259
2661_dehazed.png,7.7582,52.8724,0.0272
2662_dehazed.png,7.757,52.8654,0.0236
2663_dehazed.png,7.7568,52.9014,0.0260
2664_dehazed.png,7.7563,52.9114,0.0262
2665_dehazed.png,7.7622,53.2526,0.0281
2666_dehazed.png,7.7574,53.2166,0.0241
2667_dehazed.png,7.7576,53.2234,0.0268
2668_dehazed.png,7.7575,53.2213,0.0286
2669_dehazed.png,7.7571,53.2272,0.0274
2670_dehazed.png,7.7579,53.2477,0.0201
2671_dehazed.png,7.7591,53.2802,0.0232
2672_dehazed.png,7.7594,53.2901,0.0247
2673_dehazed.png,7.7595,53.2984,0.0246
2674_dehazed.png,7.7593,53.3353,0.0219
2675_dehazed.png,7.7588,53.3396,0.0214
2676_dehazed.png,7.7595,53.3413,0.0193
2677_dehazed.png,7.7661,53.5361,0.0257
2678_dehazed.png,7.7601,53.5049,0.0301
2679_dehazed.png,7.7596,53.5071,0.0228
2680_dehazed.png,7.7609,53.4985,0.0267
2681_dehazed.png,7.7606,53.4881,0.0233
2682_dehazed.png,7.7606,53.4897,0.0225
2683_dehazed.png,7.7602,53.4852,0.0224
2684_dehazed.png,7.7598,53.4843,0.0288
2685_dehazed.png,7.7606,53.4982,0.0192
2686_dehazed.png,7.7611,53.4803,0.0290
2687_dehazed.png,7.761,53.479,0.0255
2688_dehazed.png,7.7615,53.5027,0.0272
2689_dehazed.png,7.7663,53.5903,0.0239
2690_dehazed.png,7.7604,53.5444,0.0221
2691_dehazed.png,7.7624,53.4908,0.0213
2692_dehazed.png,7.7614,53.5314,0.0212
2693_dehazed.png,7.762,53.5376,0.0225
2694_dehazed.png,7.7613,53.555,0.0250
2695_dehazed.png,7.7613,53.5477,0.0232
2696_dehazed.png,7.7614,53.5769,0.0216
2697_dehazed.png,7.7621,53.5972,0.0195
2698_dehazed.png,7.7616,53.6138,0.0228
2699_dehazed.png,7.7616,53.6323,0.0240
2700_dehazed.png,7.7618,53.6406,0.0203
2701_dehazed.png,7.7652,53.0773,0.0301
2702_dehazed.png,7.7602,53.0217,0.0232
2703_dehazed.png,7.7596,52.9953,0.0302
2704_dehazed.png,7.7587,52.9969,0.0261
2705_dehazed.png,7.7593,52.9796,0.0250
2706_dehazed.png,7.7594,52.9977,0.0262
2707_dehazed.png,7.7593,53.0118,0.0270
2708_dehazed.png,7.758,53.0041,0.0260
2709_dehazed.png,7.758,53.0005,0.0275
2710_dehazed.png,7.7577,52.9947,0.0212
2711_dehazed.png,7.7573,53.0126,0.0273
2712_dehazed.png,7.7572,53.008,0.0232
2713_dehazed.png,7.7624,53.2993,0.0264
2714_dehazed.png,7.7584,53.2334,0.0236
2715_dehazed.png,7.7574,53.2257,0.0266
2716_dehazed.png,7.7568,53.2186,0.0202
2717_dehazed.png,7.7576,53.1941,0.0234
2718_dehazed.png,7.756,53.1684,0.0195
2719_dehazed.png,7.7547,53.1565,0.0242
2720_dehazed.png,7.7547,53.1435,0.0223
2721_dehazed.png,7.7534,53.1325,0.0249
2722_dehazed.png,7.7529,53.0939,0.0250
2723_dehazed.png,7.7512,53.0986,0.0257
2724_dehazed.png,7.751,53.0917,0.0300
2725_dehazed.png,7.7573,53.2283,0.0292
2726_dehazed.png,7.7527,53.1851,0.0289
2727_dehazed.png,7.7509,53.1526,0.0286
2728_dehazed.png,7.7505,53.1239,0.0205
2729_dehazed.png,7.75,53.0905,0.0296
2730_dehazed.png,7.7497,53.0992,0.0245
2731_dehazed.png,7.7482,53.1232,0.0279
2732_dehazed.png,7.7481,53.1385,0.0249
2733_dehazed.png,7.7469,53.1301,0.0270
2734_dehazed.png,7.7468,53.1621,0.0194
2735_dehazed.png,7.7458,53.1632,0.0280
2736_dehazed.png,7.746,53.2076,0.0259
2737_dehazed.png,7.7498,53.2875,0.0232
2738_dehazed.png,7.7451,53.2361,0.0209
2739_dehazed.png,7.7444,53.2284,0.0221
2740_dehazed.png,7.7439,53.2184,0.0269
2741_dehazed.png,7.7441,53.2355,0.0287
2742_dehazed.png,7.7436,53.2605,0.0197
2743_dehazed.png,7.7442,53.2516,0.0286
2744_dehazed.png,7.7425,53.2847,0.0247
2745_dehazed.png,7.7424,53.2608,0.0228
2746_dehazed.png,7.7423,53.2549,0.0295
2747_dehazed.png,7.7419,53.1109,0.0299
2748_dehazed.png,7.7361,52.0566,0.0218
2749_dehazed.png,7.7355,51.2455,0.0264
2750_dehazed.png,7.7327,51.0929,0.0275
2751_dehazed.png,7.7292,49.1144,0.0229
2752_dehazed.png,7.7287,49.066,0.0201
2753_dehazed.png,7.7282,49.0638,0.0274
2754_dehazed.png,7.728,49.0717,0.0282
2755_dehazed.png,7.7273,49.0673,0.0298
2756_dehazed.png,7.7288,49.0736,0.0283
2757_dehazed.png,7.729,49.1024,0.0226
2758_dehazed.png,7.7293,49.1262,0.0245
2759_dehazed.png,7.7289,49.1578,0.0255
2760_dehazed.png,7.7292,49.2114,0.0226
2761_dehazed.png,7.7338,49.1321,0.0267
2762_dehazed.png,7.7319,49.1241,0.0242
2763_dehazed.png,7.7332,49.1543,0.0279
2764_dehazed.png,7.733,49.1715,0.0286
2765_dehazed.png,7.733,49.1953,0.0264
2766_dehazed.png,7.7331,49.2141,0.0229
2767_dehazed.png,7.7336,49.2362,0.0203
2768_dehazed.png,7.7343,49.3118,0.0194
2769_dehazed.png,7.7352,49.3661,0.0208
2770_dehazed.png,7.7343,49.383,0.0215
2771_dehazed.png,7.7345,49.4095,0.0244
2772_dehazed.png,7.7352,49.4561,0.0288
2773_dehazed.png,7.7394,49.8522,0.0300
2774_dehazed.png,7.7359,49.8513,0.0229
2775_dehazed.png,7.7366,49.8794,0.0245
2776_dehazed.png,7.7368,49.9112,0.0217
2777_dehazed.png,7.737,49.9516,0.0213
2778_dehazed.png,7.7376,49.9773,0.0236
2779_dehazed.png,7.738,50.0119,0.0279
2780_dehazed.png,7.7383,50.0342,0.0189
2781_dehazed.png,7.7382,50.0525,0.0296
2782_dehazed.png,7.738,50.086,0.0192
2783_dehazed.png,7.7385,50.1053,0.0237
2784_dehazed.png,7.7381,50.1164,0.0196
2785_dehazed.png,7.7433,50.4928,0.0218
2786_dehazed.png,7.7394,50.4785,0.0199
2787_dehazed.png,7.7383,50.4745,0.0233
2788_dehazed.png,7.738,50.4793,0.0238
2789_dehazed.png,7.738,50.4892,0.0238
2790_dehazed.png,7.738,50.4893,0.0298
2791_dehazed.png,7.7377,50.515,0.0196
2792_dehazed.png,7.7381,50.5473,0.0262
2793_dehazed.png,7.7376,50.5693,0.0214
2794_dehazed.png,7.7383,50.576,0.0218
2795_dehazed.png,7.737,50.6098,0.0290
2796_dehazed.png,7.7358,50.6482,0.0223
2797_dehazed.png,7.7404,51.0151,0.0236
2798_dehazed.png,7.7364,50.9764,0.0248
2799_dehazed.png,7.7351,50.9919,0.0196
2800_dehazed.png,7.7335,51.0228,0.0290
2801_dehazed.png,7.7347,50.9745,0.0207
2802_dehazed.png,7.7341,50.9787,0.0301
2803_dehazed.png,7.733,50.9777,0.0262
2804_dehazed.png,7.7326,50.9838,0.0230
2805_dehazed.png,7.7319,50.9841,0.0259
2806_dehazed.png,7.7314,50.9946,0.0280
2807_dehazed.png,7.7294,51.0071,0.0260
2808_dehazed.png,7.729,51.0193,0.0194
2809_dehazed.png,7.7315,51.1933,0.0274
2810_dehazed.png,7.7263,51.1761,0.0291
2811_dehazed.png,7.7254,51.1661,0.0260
2812_dehazed.png,7.7243,51.1676,0.0259
2813_dehazed.png,7.723,51.1766,0.0221
2814_dehazed.png,7.7229,51.192,0.0218
2815_dehazed.png,7.7224,51.2102,0.0190
2816_dehazed.png,7.7213,51.2066,0.0221
2817_dehazed.png,7.7208,51.2323,0.0200
2818_dehazed.png,7.7204,51.2486,0.0273
2819_dehazed.png,7.7198,51.2525,0.0206
2820_dehazed.png,7.7199,51.2774,0.0270
2821_dehazed.png,7.7256,51.51,0.0247
2822_dehazed.png,7.7209,51.4616,0.0193
2823_dehazed.png,7.7196,51.4574,0.0231
2824_dehazed.png,7.7194,51.458,0.0203
2825_dehazed.png,7.7174,51.4867,0.0293
2826_dehazed.png,7.7172,51.5041,0.0250
2827_dehazed.png,7.7165,51.5298,0.0216
2828_dehazed.png,7.7162,51.539,0.0231
2829_dehazed.png,7.7161,51.5633,0.0214
2830_dehazed.png,7.7158,51.5737,0.0269
2831_dehazed.png,7.7164,51.6173,0.0223
2832_dehazed.png,7.7168,51.6328,0.0239
2833_dehazed.png,7.7237,51.8311,0.0223
2834_dehazed.png,7.7193,51.8117,0.0233
2835_dehazed.png,7.7178,51.8131,0.0228
2836_dehazed.png,7.7173,51.823,0.0272
2837_dehazed.png,7.7158,51.8289,0.0197
2838_dehazed.png,7.7164,51.8504,0.0252
2839_dehazed.png,7.716,51.8779,0.0230
2840_dehazed.png,7.7163,51.9038,0.0244
2841_dehazed.png,7.7158,51.9138,0.0220
2842_dehazed.png,7.7165,51.9416,0.0220
2843_dehazed.png,7.7167,51.9559,0.0213
2844_dehazed.png,7.7167,51.9734,0.0241
2845_dehazed.png,7.7246,52.1803,0.0265
2846_dehazed.png,7.7195,52.1371,0.0288
2847_dehazed.png,7.7189,52.1192,0.0192
2848_dehazed.png,7.7173,52.127,0.0288
2849_dehazed.png,7.7176,52.1225,0.0217
2850_dehazed.png,7.7179,52.131,0.0273
2851_dehazed.png,7.7165,51.9767,0.0219
2852_dehazed.png,7.7152,51.9648,0.0225
2853_dehazed.png,7.7149,51.9509,0.0215
2854_dehazed.png,7.7148,51.9489,0.0253
2855_dehazed.png,7.7146,51.9662,0.0228
2856_dehazed.png,7.7144,51.9905,0.0260
2857_dehazed.png,7.7226,51.8401,0.0225
2858_dehazed.png,7.7186,51.802,0.0272
2859_dehazed.png,7.7167,51.7977,0.0294
2860_dehazed.png,7.7166,51.7974,0.0253
2861_dehazed.png,7.7151,51.7989,0.0263
2862_dehazed.png,7.7152,51.7998,0.0204
2863_dehazed.png,7.7154,51.8171,0.0294
2864_dehazed.png,7.7147,51.8145,0.0201
2865_dehazed.png,7.7147,51.8336,0.0262
2866_dehazed.png,7.7146,51.851,0.0298
2867_dehazed.png,7.7147,51.8528,0.0291
2868_dehazed.png,7.7136,51.8709,0.0217
2869_dehazed.png,7.7198,52.092,0.0249
2870_dehazed.png,7.7139,52.0608,0.0220
2871_dehazed.png,7.714,52.0244,0.0237
2872_dehazed.png,7.7133,52.0323,0.0245
2873_dehazed.png,7.713,52.0434,0.0241
2874_dehazed.png,7.7131,52.0476,0.0227
2875_dehazed.png,7.7133,52.0602,0.0244
2876_dehazed.png,7.7133,52.0706,0.0245
2877_dehazed.png,7.7128,52.0727,0.0273
2878_dehazed.png,7.7126,52.0784,0.0216
2879_dehazed.png,7.7124,52.0875,0.0254
2880_dehazed.png,7.7125,52.0869,0.0208
2881_dehazed.png,7.7205,52.2443,0.0286
2882_dehazed.png,7.7157,52.1986,0.0202
2883_dehazed.png,7.7148,52.1992,0.0198
2884_dehazed.png,7.7145,52.1972,0.0220
2885_dehazed.png,7.7142,52.2035,0.0273
2886_dehazed.png,7.713,52.215,0.0229
2887_dehazed.png,7.7128,52.2118,0.0226
2888_dehazed.png,7.7129,52.2123,0.0229
2889_dehazed.png,7.7124,52.1983,0.0265
2890_dehazed.png,7.7126,52.1994,0.0199
2891_dehazed.png,7.7125,52.2193,0.0241
2892_dehazed.png,7.712,52.2271,0.0199
2893_dehazed.png,7.7169,52.371,0.0228
2894_dehazed.png,7.7118,52.3138,0.0272
2895_dehazed.png,7.7124,52.3037,0.0270
2896_dehazed.png,7.7119,52.295,0.0198
2897_dehazed.png,7.7109,52.3012,0.0260
2898_dehazed.png,7.7114,52.306,0.0270
2899_dehazed.png,7.711,52.3168,0.0218
2900_dehazed.png,7.711,52.3147,0.0281
2901_dehazed.png,7.7087,52.197,0.0231
2902_dehazed.png,7.7075,52.1727,0.0207
2903_dehazed.png,7.7081,52.1769,0.0264
2904_dehazed.png,7.7078,52.1738,0.0288
2905_dehazed.png,7.7138,52.0892,0.0189
2906_dehazed.png,7.7098,52.0349,0.0286
2907_dehazed.png,7.7086,52.0302,0.0248
2908_dehazed.png,7.7079,52.0351,0.0242
2909_dehazed.png,7.7076,52.0351,0.0217
2910_dehazed.png,7.7077,52.0241,0.0229
2911_dehazed.png,7.7073,52.027,0.0251
2912_dehazed.png,7.7071,52.03,0.0258
2913_dehazed.png,7.7067,52.0325,0.0235
2914_dehazed.png,7.7069,52.0299,0.0271
2915_dehazed.png,7.7066,52.0315,0.0279
2916_dehazed.png,7.7069,52.0335,0.0254
2917_dehazed.png,7.7125,52.2225,0.0203
2918_dehazed.png,7.7083,52.1922,0.0239
2919_dehazed.png,7.708,52.1757,0.0277
2920_dehazed.png,7.7077,52.1579,0.0212
2921_dehazed.png,7.708,52.1606,0.0276
2922_dehazed.png,7.7079,52.1657,0.0199
2923_dehazed.png,7.7083,52.176,0.0260
2924_dehazed.png,7.7072,52.174,0.0291
2925_dehazed.png,7.7075,52.1775,0.0247
2926_dehazed.png,7.7073,52.1836,0.0257
2927_dehazed.png,7.7073,52.1779,0.0213
2928_dehazed.png,7.7072,52.1846,0.0219
2929_dehazed.png,7.7146,52.2925,0.0209
2930_dehazed.png,7.7098,52.2487,0.0219
2931_dehazed.png,7.709,52.2487,0.0197
2932_dehazed.png,7.7087,52.2418,0.0268
2933_dehazed.png,7.7076,52.2383,0.0290
2934_dehazed.png,7.7078,52.246,0.0203
2935_dehazed.png,7.7078,52.246,0.0227
2936_dehazed.png,7.7084,52.2393,0.0263
2937_dehazed.png,7.7083,52.2495,0.0284
2938_dehazed.png,7.7084,52.2421,0.0218
2939_dehazed.png,7.708,52.2494,0.0292
2940_dehazed.png,7.7077,52.2348,0.0196
2941_dehazed.png,7.7162,52.3629,0.0286
2942_dehazed.png,7.7103,52.312,0.0267
2943_dehazed.png,7.709,52.3138,0.0211
2944_dehazed.png,7.708,52.2995,0.0248
2945_dehazed.png,7.7076,52.2868,0.0245
2946_dehazed.png,7.7072,52.2839,0.0218
2947_dehazed.png,7.7062,52.2821,0.0221
2948_dehazed.png,7.7068,52.2831,0.0282
2949_dehazed.png,7.7065,52.292,0.0252
2950_dehazed.png,7.7063,52.2937,0.0253
2951_dehazed.png,7.7042,52.1097,0.0265
2952_dehazed.png,7.7034,52.1131,0.0225
2953_dehazed.png,7.7102,51.8721,0.0197
2954_dehazed.png,7.7062,51.8359,0.0251
2955_dehazed.png,7.706,51.8232,0.0266
2956_dehazed.png,7.7061,51.8253,0.0268
2957_dehazed.png,7.7055,51.8317,0.0225
2958_dehazed.png,7.705,51.839,0.0264
2959_dehazed.png,7.7044,51.8432,0.0203
2960_dehazed.png,7.7045,51.8481,0.0292
2961_dehazed.png,7.7042,51.8411,0.0269
2962_dehazed.png,7.7039,51.8384,0.0288
2963_dehazed.png,7.7031,51.8544,0.0301
2964_dehazed.png,7.7039,51.8494,0.0268
2965_dehazed.png,7.7115,52.0813,0.0262
2966_dehazed.png,7.7069,52.0286,0.0210
2967_dehazed.png,7.7066,52.0116,0.0248
2968_dehazed.png,7.7067,52.002,0.0190
2969_dehazed.png,7.7058,52.0045,0.0250
2970_dehazed.png,7.7061,52.0051,0.0255
2971_dehazed.png,7.7057,51.9994,0.0223
2972_dehazed.png,7.706,51.9966,0.0203
2973_dehazed.png,7.7052,51.9946,0.0197
2974_dehazed.png,7.7044,51.9954,0.0296
2975_dehazed.png,7.7046,52.0048,0.0207
2976_dehazed.png,7.7042,52.0063,0.0245
2977_dehazed.png,7.7106,52.1075,0.0223
2978_dehazed.png,7.706,52.0718,0.0201
2979_dehazed.png,7.7054,52.0578,0.0215
2980_dehazed.png,7.7043,52.048,0.0230
2981_dehazed.png,7.7036,52.0354,0.0244
2982_dehazed.png,7.7036,52.0376,0.0245
2983_dehazed.png,7.7036,52.0445,0.0261
2984_dehazed.png,7.7038,52.042,0.0231
2985_dehazed.png,7.7033,52.0411,0.0201
2986_dehazed.png,7.703,52.0468,0.0245
2987_dehazed.png,7.7025,52.0604,0.0264
2988_dehazed.png,7.7022,52.0597,0.0231
2989_dehazed.png,7.7088,52.1404,0.0218
2990_dehazed.png,7.7039,52.0848,0.0265
2991_dehazed.png,7.7031,52.0682,0.0277
2992_dehazed.png,7.7033,52.0483,0.0233
2993_dehazed.png,7.7031,52.0525,0.0282
2994_dehazed.png,7.7029,52.0407,0.0257
2995_dehazed.png,7.7034,52.0406,0.0275
2996_dehazed.png,7.7032,52.0356,0.0195
2997_dehazed.png,7.7029,52.0323,0.0210
2998_dehazed.png,7.7025,52.0171,0.0275
2999_dehazed.png,7.7026,52.0206,0.0252
3000_dehazed.png,7.7027,52.0144,0.0209
3001_dehazed.png,7.7042,51.5533,0.0202
3002_dehazed.png,7.7011,51.516,0.0200
3003_dehazed.png,7.701,51.5189,0.0296
3004_dehazed.png,7.7004,51.5123,0.0257
3005_dehazed.png,7.7008,51.5112,0.0195
3006_dehazed.png,7.7002,51.5159,0.0257
3007_dehazed.png,7.7002,51.5265,0.0211
3008_dehazed.png,7.7005,51.5412,0.0224
3009_dehazed.png,7.7,51.5651,0.0230
3010_dehazed.png,7.7002,51.6146,0.0232
3011_dehazed.png,7.7012,51.6135,0.0221
3012_dehazed.png,7.7004,51.6302,0.0201
3013_dehazed.png,7.7095,51.8382,0.0238
3014_dehazed.png,7.7058,51.7952,0.0206
3015_dehazed.png,7.7053,51.7725,0.0232
3016_dehazed.png,7.704,51.7328,0.0289
3017_dehazed.png,7.7034,51.698,0.0279
3018_dehazed.png,7.7007,51.6393,0.0230
3019_dehazed.png,7.6997,51.5887,0.0218
3020_dehazed.png,7.6987,51.5631,0.0253
3021_dehazed.png,7.698,51.5262,0.0238
3022_dehazed.png,7.6971,51.5188,0.0302
3023_dehazed.png,7.697,51.5316,0.0232
3024_dehazed.png,7.6964,51.5448,0.0243
3025_dehazed.png,7.7038,51.5046,0.0204
3026_dehazed.png,7.6981,51.4444,0.0294
3027_dehazed.png,7.696,51.4001,0.0266
3028_dehazed.png,7.6951,51.3819,0.0278
3029_dehazed.png,7.6934,51.3985,0.0221
3030_dehazed.png,7.6918,51.4168,0.0273
3031_dehazed.png,7.6914,51.3579,0.0250
3032_dehazed.png,7.691,51.3897,0.0220
3033_dehazed.png,7.6907,51.3959,0.0228
3034_dehazed.png,7.6901,51.411,0.0274
3035_dehazed.png,7.6895,51.3711,0.0264
3036_dehazed.png,7.6902,51.3999,0.0272
3037_dehazed.png,7.6951,51.4768,0.0218
3038_dehazed.png,7.6882,51.4545,0.0266
3039_dehazed.png,7.6875,51.4066,0.0199
3040_dehazed.png,7.6868,51.4578,0.0295
3041_dehazed.png,7.686,51.4678,0.0267
3042_dehazed.png,7.6851,51.5031,0.0230
3043_dehazed.png,7.6842,51.5186,0.0299
3044_dehazed.png,7.6835,51.5022,0.0292
3045_dehazed.png,7.6842,51.4707,0.0210
3046_dehazed.png,7.6831,51.4473,0.0235
3047_dehazed.png,7.6818,51.4125,0.0215
3048_dehazed.png,7.6828,51.4087,0.0263
3049_dehazed.png,7.6888,51.4032,0.0232
3050_dehazed.png,7.6822,51.332,0.0288
3051_dehazed.png,7.6769,51.1102,0.0191
3052_dehazed.png,7.6747,51.0755,0.0209
3053_dehazed.png,7.6736,51.0624,0.0289
3054_dehazed.png,7.6716,51.0529,0.0206
3055_dehazed.png,7.6702,51.0548,0.0195
3056_dehazed.png,7.6687,51.0526,0.0254
3057_dehazed.png,7.6675,51.0427,0.0269
3058_dehazed.png,7.665,51.0739,0.0233
3059_dehazed.png,7.6624,51.085,0.0282
3060_dehazed.png,7.6609,51.0572,0.0277
3061_dehazed.png,7.6701,50.9692,0.0204
3062_dehazed.png,7.6643,50.9338,0.0199
3063_dehazed.png,7.6611,51.0018,0.0254
3064_dehazed.png,7.659,50.9861,0.0296
3065_dehazed.png,7.6587,50.8921,0.0274
3066_dehazed.png,7.6573,50.8837,0.0269
3067_dehazed.png,7.6572,50.896,0.0208
3068_dehazed.png,7.6565,50.8932,0.0228
3069_dehazed.png,7.6556,50.9305,0.0287
3070_dehazed.png,7.6547,50.974,0.0198
3071_dehazed.png,7.6539,50.9874,0.0255
3072_dehazed.png,7.652,50.9503,0.0207
3073_dehazed.png,7.6596,51.0414,0.0238
3074_dehazed.png,7.6508,50.9774,0.0251
3075_dehazed.png,7.6472,51.03,0.0257
3076_dehazed.png,7.6446,51.0977,0.0209
3077_dehazed.png,7.6417,51.0915,0.0258
3078_dehazed.png,7.6396,51.1122,0.0203
3079_dehazed.png,7.6364,51.1046,0.0208
3080_dehazed.png,7.6369,51.1809,0.0270
3081_dehazed.png,7.635,51.1859,0.0272
3082_dehazed.png,7.6336,51.2098,0.0279
3083_dehazed.png,7.633,51.2296,0.0190
3084_dehazed.png,7.6321,51.132,0.0240
3085_dehazed.png,7.6425,51.1312,0.0280
3086_dehazed.png,7.635,51.1023,0.0224
3087_dehazed.png,7.6323,51.11,0.0211
3088_dehazed.png,7.6313,50.9592,0.0260
3089_dehazed.png,7.6322,50.9532,0.0282
3090_dehazed.png,7.6327,50.9729,0.0248
3091_dehazed.png,7.6325,50.9856,0.0228
3092_dehazed.png,7.6338,50.9444,0.0253
3093_dehazed.png,7.6363,50.9046,0.0266
3094_dehazed.png,7.637,50.8253,0.0291
3095_dehazed.png,7.6386,50.8285,0.0214
3096_dehazed.png,7.639,50.9218,0.0236
3097_dehazed.png,7.6479,51.0488,0.0219
3098_dehazed.png,7.6405,51.0284,0.0278
3099_dehazed.png,7.6403,51.0469,0.0205
3100_dehazed.png,7.64,51.0364,0.0227
3101_dehazed.png,7.6367,50.8969,0.0283
3102_dehazed.png,7.6345,50.8608,0.0237
3103_dehazed.png,7.6325,50.7954,0.0251
3104_dehazed.png,7.6297,50.725,0.0241
3105_dehazed.png,7.6259,50.7207,0.0226
3106_dehazed.png,7.6225,50.6949,0.0231
3107_dehazed.png,7.6181,50.7368,0.0225
3108_dehazed.png,7.6143,50.6353,0.0288
3109_dehazed.png,7.6231,50.3997,0.0238
3110_dehazed.png,7.6116,50.1881,0.0236
3111_dehazed.png,7.6077,50.0861,0.0197
3112_dehazed.png,7.6034,50.0465,0.0199
3113_dehazed.png,7.6003,50.1543,0.0210
3114_dehazed.png,7.5965,50.1428,0.0301
3115_dehazed.png,7.5959,49.8718,0.0213
3116_dehazed.png,7.5974,49.7276,0.0201
3117_dehazed.png,7.5974,49.6374,0.0278
3118_dehazed.png,7.597,49.5392,0.0218
3119_dehazed.png,7.5969,49.5959,0.0210
3120_dehazed.png,7.5975,49.5824,0.0200
3121_dehazed.png,7.6085,49.6667,0.0236
3122_dehazed.png,7.6013,49.4654,0.0294
3123_dehazed.png,7.6019,49.3906,0.0236
3124_dehazed.png,7.6066,49.3474,0.0271
3125_dehazed.png,7.6095,49.2013,0.0297
3126_dehazed.png,7.6147,49.3129,0.0238
3127_dehazed.png,7.6181,49.3607,0.0272
3128_dehazed.png,7.6171,49.2993,0.0203
3129_dehazed.png,7.616,49.2568,0.0249
3130_dehazed.png,7.6172,49.1796,0.0251
3131_dehazed.png,7.6175,49.1394,0.0230
3132_dehazed.png,7.6184,49.1359,0.0201
3133_dehazed.png,7.6251,49.3393,0.0202
3134_dehazed.png,7.6137,49.1315,0.0206
3135_dehazed.png,7.61,48.9102,0.0197
3136_dehazed.png,7.6098,48.9716,0.0289
3137_dehazed.png,7.605,48.9273,0.0286
3138_dehazed.png,7.6033,48.7707,0.0221
3139_dehazed.png,7.605,48.5417,0.0260
3140_dehazed.png,7.6081,48.3309,0.0238
3141_dehazed.png,7.6111,48.0527,0.0268
3142_dehazed.png,7.6108,47.4735,0.0283
3143_dehazed.png,7.6131,47.3062,0.0264
3144_dehazed.png,7.6175,47.3178,0.0204
3145_dehazed.png,7.6275,47.5999,0.0219
3146_dehazed.png,7.626,47.6203,0.0209
3147_dehazed.png,7.6298,47.9254,0.0302
3148_dehazed.png,7.6333,48.1238,0.0268
3149_dehazed.png,7.6387,48.1358,0.0246
3150_dehazed.png,7.6456,48.0484,0.0268
3151_dehazed.png,7.6545,48.1252,0.0225
3152_dehazed.png,7.6624,48.0885,0.0273
3153_dehazed.png,7.6727,48,0.0245
3154_dehazed.png,7.6874,48.477,0.0217
3155_dehazed.png,7.6985,48.9787,0.0195
3156_dehazed.png,7.7016,49.2108,0.0200
3157_dehazed.png,7.711,49.6018,0.0191
3158_dehazed.png,7.7035,49.6392,0.0266
3159_dehazed.png,7.7053,49.6383,0.0219
3160_dehazed.png,7.7067,49.6404,0.0287
3161_dehazed.png,7.71,49.6622,0.0237
3162_dehazed.png,7.7135,49.5908,0.0231
3163_dehazed.png,7.7095,49.2969,0.0276
3164_dehazed.png,7.7058,48.9131,0.0241
3165_dehazed.png,7.7056,48.8487,0.0291
3166_dehazed.png,7.7082,48.9658,0.0247
3167_dehazed.png,7.7123,49.1436,0.0269
3168_dehazed.png,7.7134,49.2672,0.0238
3169_dehazed.png,7.7202,49.5749,0.0208
3170_dehazed.png,7.7157,49.4385,0.0203
3171_dehazed.png,7.7124,49.3181,0.0287
3172_dehazed.png,7.7115,49.2402,0.0252
3173_dehazed.png,7.7089,49.4025,0.0193
3174_dehazed.png,7.7098,49.6983,0.0212
3175_dehazed.png,7.7082,49.8961,0.0224
3176_dehazed.png,7.7092,49.9416,0.0295
3177_dehazed.png,7.7081,50.064,0.0269
3178_dehazed.png,7.7076,50.1163,0.0245
3179_dehazed.png,7.7099,50.2393,0.0239
3180_dehazed.png,7.7099,50.2143,0.0279
3181_dehazed.png,7.7173,50.4989,0.0268
3182_dehazed.png,7.7108,50.4687,0.0299
3183_dehazed.png,7.7078,50.4613,0.0302
3184_dehazed.png,7.7077,50.4596,0.0197
3185_dehazed.png,7.707,50.4602,0.0203
3186_dehazed.png,7.7059,50.4608,0.0215
3187_dehazed.png,7.7055,50.464,0.0199
3188_dehazed.png,7.7055,50.4828,0.0282
3189_dehazed.png,7.7057,50.4913,0.0200
3190_dehazed.png,7.7047,50.4995,0.0205
3191_dehazed.png,7.7041,50.5155,0.0268
3192_dehazed.png,7.7047,50.5329,0.0245
3193_dehazed.png,7.7144,50.717,0.0211
3194_dehazed.png,7.71,50.6837,0.0230
3195_dehazed.png,7.7086,50.6633,0.0271
3196_dehazed.png,7.7082,50.6707,0.0241
3197_dehazed.png,7.7079,50.6673,0.0206
3198_dehazed.png,7.7075,50.6723,0.0227
3199_dehazed.png,7.7076,50.6837,0.0247
3200_dehazed.png,7.7068,50.6789,0.0255
3201_dehazed.png,7.7035,50.4429,0.0275
3202_dehazed.png,7.7037,50.4315,0.0221
3203_dehazed.png,7.7035,50.4264,0.0200
3204_dehazed.png,7.7026,50.4333,0.0229
3205_dehazed.png,7.7093,50.4749,0.0201
3206_dehazed.png,7.7052,50.4171,0.0287
3207_dehazed.png,7.7045,50.407,0.0287
3208_dehazed.png,7.704,50.4029,0.0194
3209_dehazed.png,7.7038,50.4106,0.0293
3210_dehazed.png,7.7037,50.4151,0.0228
3211_dehazed.png,7.7033,50.4139,0.0195
3212_dehazed.png,7.7032,50.414,0.0279
3213_dehazed.png,7.703,50.4186,0.0269
3214_dehazed.png,7.7034,50.42,0.0292
3215_dehazed.png,7.7026,50.4264,0.0197
3216_dehazed.png,7.7025,50.4412,0.0294
3217_dehazed.png,7.7105,50.7088,0.0194
3218_dehazed.png,7.7047,50.6607,0.0288
3219_dehazed.png,7.7032,50.6579,0.0224
3220_dehazed.png,7.7032,50.6581,0.0283
3221_dehazed.png,7.7026,50.6643,0.0260
3222_dehazed.png,7.7024,50.6758,0.0294
3223_dehazed.png,7.7017,50.6789,0.0233
3224_dehazed.png,7.7017,50.693,0.0269
3225_dehazed.png,7.7027,50.6985,0.0209
3226_dehazed.png,7.7022,50.7078,0.0278
3227_dehazed.png,7.7023,50.7116,0.0269
3228_dehazed.png,7.7026,50.7047,0.0237
3229_dehazed.png,7.7125,50.9317,0.0250
3230_dehazed.png,7.7068,50.8796,0.0212
3231_dehazed.png,7.7066,50.8595,0.0246
3232_dehazed.png,7.7066,50.8573,0.0221
3233_dehazed.png,7.7064,50.8553,0.0255
3234_dehazed.png,7.7067,50.8503,0.0292
3235_dehazed.png,7.706,50.8597,0.0250
3236_dehazed.png,7.7061,50.8656,0.0261
3237_dehazed.png,7.7062,50.8659,0.0273
3238_dehazed.png,7.7059,50.8734,0.0251
3239_dehazed.png,7.706,50.8846,0.0189
3240_dehazed.png,7.7056,50.8876,0.0196
3241_dehazed.png,7.7133,51,0.0196
3242_dehazed.png,7.71,50.9457,0.0248
3243_dehazed.png,7.7086,50.9251,0.0287
3244_dehazed.png,7.7084,50.9214,0.0293
3245_dehazed.png,7.7084,50.9203,0.0278
3246_dehazed.png,7.7081,50.9138,0.0241
3247_dehazed.png,7.7078,50.9055,0.0214
3248_dehazed.png,7.7068,50.912,0.0273
3249_dehazed.png,7.7071,50.922,0.0207
3250_dehazed.png,7.7073,50.928,0.0211
3251_dehazed.png,7.7052,50.7299,0.0285
3252_dehazed.png,7.7055,50.7184,0.0212
3253_dehazed.png,7.7114,50.5562,0.0272
3254_dehazed.png,7.7084,50.5034,0.0288
3255_dehazed.png,7.7076,50.4917,0.0216
3256_dehazed.png,7.7072,50.4793,0.0216
3257_dehazed.png,7.707,50.4744,0.0231
3258_dehazed.png,7.7065,50.4709,0.0251
3259_dehazed.png,7.7059,50.4815,0.0218
3260_dehazed.png,7.7059,50.4912,0.0194
3261_dehazed.png,7.7056,50.4945,0.0225
3262_dehazed.png,7.7049,50.4958,0.0227
3263_dehazed.png,7.7039,50.4956,0.0190
3264_dehazed.png,7.7038,50.5026,0.0238
3265_dehazed.png,7.7096,50.7264,0.0191
3266_dehazed.png,7.7053,50.6788,0.0209
3267_dehazed.png,7.705,50.6716,0.0231
3268_dehazed.png,7.7049,50.6661,0.0209
3269_dehazed.png,7.7051,50.6676,0.0299
3270_dehazed.png,7.7049,50.664,0.0286
3271_dehazed.png,7.7044,50.6641,0.0266
3272_dehazed.png,7.7042,50.6575,0.0302
3273_dehazed.png,7.7047,50.6665,0.0208
3274_dehazed.png,7.7043,50.6558,0.0226
3275_dehazed.png,7.7048,50.684,0.0211
3276_dehazed.png,7.704,50.6793,0.0213
3277_dehazed.png,7.7113,50.8272,0.0290
3278_dehazed.png,7.707,50.7776,0.0227
3279_dehazed.png,7.7057,50.76,0.0270
3280_dehazed.png,7.7056,50.7472,0.0234
3281_dehazed.png,7.7057,50.7363,0.0269
3282_dehazed.png,7.706,50.7427,0.0241
3283_dehazed.png,7.7052,50.7538,0.0248
3284_dehazed.png,7.7052,50.7514,0.0206
3285_dehazed.png,7.7053,50.7524,0.0261
3286_dehazed.png,7.7057,50.7608,0.0300
3287_dehazed.png,7.7052,50.7559,0.0191
3288_dehazed.png,7.7054,50.7645,0.0284
3289_dehazed.png,7.7127,50.9197,0.0194
3290_dehazed.png,7.7069,50.8638,0.0218
3291_dehazed.png,7.7059,50.845,0.0277
3292_dehazed.png,7.7055,50.8347,0.0216
3293_dehazed.png,7.7056,50.8301,0.0288
3294_dehazed.png,7.706,50.8171,0.0265
3295_dehazed.png,7.7063,50.8245,0.0298
3296_dehazed.png,7.706,50.825,0.0259
3297_dehazed.png,7.7062,50.8089,0.0214
3298_dehazed.png,7.7061,50.8002,0.0198
3299_dehazed.png,7.7062,50.8095,0.0202
3300_dehazed.png,7.7058,50.806,0.0263
3301_dehazed.png,7.7123,50.5004,0.0299
3302_dehazed.png,7.7083,50.4571,0.0227
3303_dehazed.png,7.7073,50.4281,0.0235
3304_dehazed.png,7.7064,50.4293,0.0291
3305_dehazed.png,7.7065,50.4311,0.0224
3306_dehazed.png,7.7066,50.4254,0.0277
3307_dehazed.png,7.7067,50.4211,0.0288
3308_dehazed.png,7.7067,50.4194,0.0214
3309_dehazed.png,7.7068,50.4242,0.0213
3310_dehazed.png,7.7065,50.4196,0.0282
3311_dehazed.png,7.7067,50.4273,0.0269
3312_dehazed.png,7.7068,50.4319,0.0254
3313_dehazed.png,7.7123,50.6696,0.0212
3314_dehazed.png,7.7075,50.6154,0.0231
3315_dehazed.png,7.7059,50.5886,0.0220
3316_dehazed.png,7.7053,50.5931,0.0243
3317_dehazed.png,7.7049,50.5928,0.0223
3318_dehazed.png,7.7046,50.5839,0.0246
3319_dehazed.png,7.7051,50.5888,0.0190
3320_dehazed.png,7.7051,50.5894,0.0222
3321_dehazed.png,7.7046,50.5878,0.0280
3322_dehazed.png,7.7048,50.5843,0.0254
3323_dehazed.png,7.7055,50.5864,0.0263
3324_dehazed.png,7.7054,50.597,0.0257
3325_dehazed.png,7.7129,50.8207,0.0228
3326_dehazed.png,7.7089,50.7657,0.0247
3327_dehazed.png,7.7079,50.7444,0.0219
3328_dehazed.png,7.7075,50.7419,0.0261
3329_dehazed.png,7.7069,50.7427,0.0245
3330_dehazed.png,7.7067,50.7447,0.0213
3331_dehazed.png,7.7064,50.743,0.0202
3332_dehazed.png,7.7065,50.7362,0.0272
3333_dehazed.png,7.7065,50.7395,0.0195
3334_dehazed.png,7.7065,50.7507,0.0261
3335_dehazed.png,7.7063,50.7508,0.0191
3336_dehazed.png,7.7064,50.7535,0.0248
3337_dehazed.png,7.713,50.8264,0.0297
3338_dehazed.png,7.7086,50.7855,0.0268
3339_dehazed.png,7.708,50.7733,0.0291
3340_dehazed.png,7.7079,50.763,0.0264
3341_dehazed.png,7.7081,50.7591,0.0242
3342_dehazed.png,7.7078,50.7582,0.0299
3343_dehazed.png,7.7073,50.7539,0.0246
3344_dehazed.png,7.7071,50.7536,0.0250
3345_dehazed.png,7.7074,50.7577,0.0288
3346_dehazed.png,7.7072,50.7515,0.0216
3347_dehazed.png,7.707,50.7401,0.0257
3348_dehazed.png,7.7067,50.742,0.0236
3349_dehazed.png,7.7153,50.8665,0.0242
3350_dehazed.png,7.7107,50.8152,0.0290
3351_dehazed.png,7.7068,50.7034,0.0288
3352_dehazed.png,7.7062,50.6684,0.0266
3353_dehazed.png,7.706,50.6727,0.0294
3354_dehazed.png,7.7057,50.6608,0.0252
3355_dehazed.png,7.7059,50.6535,0.0241
3356_dehazed.png,7.7056,50.655,0.0244
3357_dehazed.png,7.7059,50.6511,0.0204
3358_dehazed.png,7.7053,50.6564,0.0299
3359_dehazed.png,7.7058,50.6527,0.0232
3360_dehazed.png,7.7055,50.6526,0.0211
3361_dehazed.png,7.7125,50.6334,0.0266
3362_dehazed.png,7.7092,50.5698,0.0245
3363_dehazed.png,7.7092,50.5617,0.0282
3364_dehazed.png,7.7089,50.5543,0.0232
3365_dehazed.png,7.7087,50.5501,0.0301
3366_dehazed.png,7.7087,50.5457,0.0244
3367_dehazed.png,7.7086,50.5619,0.0218
3368_dehazed.png,7.7083,50.5589,0.0296
3369_dehazed.png,7.7084,50.5658,0.0282
3370_dehazed.png,7.7081,50.5618,0.0258
3371_dehazed.png,7.7079,50.5709,0.0267
3372_dehazed.png,7.7084,50.5648,0.0205
3373_dehazed.png,7.7128,50.7047,0.0299
3374_dehazed.png,7.7091,50.6534,0.0291
3375_dehazed.png,7.7081,50.617,0.0221
3376_dehazed.png,7.7069,50.6173,0.0247
3377_dehazed.png,7.707,50.6263,0.0282
3378_dehazed.png,7.7068,50.6276,0.0295
3379_dehazed.png,7.7069,50.6263,0.0259
3380_dehazed.png,7.7066,50.6223,0.0197
3381_dehazed.png,7.7071,50.6307,0.0223
3382_dehazed.png,7.7069,50.6442,0.0298
3383_dehazed.png,7.7068,50.6452,0.0260
3384_dehazed.png,7.7064,50.65,0.0261
3385_dehazed.png,7.7146,50.7281,0.0280
3386_dehazed.png,7.7116,50.68,0.0264
3387_dehazed.png,7.71,50.6642,0.0271
3388_dehazed.png,7.709,50.6639,0.0216
3389_dehazed.png,7.7085,50.6579,0.0278
3390_dehazed.png,7.7086,50.6652,0.0253
3391_dehazed.png,7.7084,50.6737,0.0235
3392_dehazed.png,7.7082,50.6838,0.0271
3393_dehazed.png,7.7082,50.6835,0.0261
3394_dehazed.png,7.7084,50.6835,0.0223
3395_dehazed.png,7.708,50.6801,0.0267
3396_dehazed.png,7.708,50.6861,0.0274
3397_dehazed.png,7.7141,50.8281,0.0273
3398_dehazed.png,7.7105,50.7605,0.0265
3399_dehazed.png,7.7104,50.7471,0.0250
3400_dehazed.png,7.7098,50.7367,0.0246
3401_dehazed.png,7.7069,50.6525,0.0250
3402_dehazed.png,7.7069,50.6301,0.0246
3403_dehazed.png,7.7067,50.625,0.0259
3404_dehazed.png,7.7066,50.6269,0.0231
3405_dehazed.png,7.7071,50.6192,0.0265
3406_dehazed.png,7.7067,50.6187,0.0271
3407_dehazed.png,7.7063,50.6137,0.0237
3408_dehazed.png,7.7058,50.611,0.0252
3409_dehazed.png,7.7147,50.6103,0.0193
3410_dehazed.png,7.709,50.544,0.0251
3411_dehazed.png,7.7079,50.5283,0.0228
3412_dehazed.png,7.7076,50.5274,0.0211
3413_dehazed.png,7.7077,50.5346,0.0284
3414_dehazed.png,7.7074,50.5408,0.0266
3415_dehazed.png,7.7075,50.5474,0.0239
3416_dehazed.png,7.7076,50.5519,0.0242
3417_dehazed.png,7.7077,50.5546,0.0266
3418_dehazed.png,7.7073,50.5572,0.0193
3419_dehazed.png,7.7077,50.5573,0.0224
3420_dehazed.png,7.7077,50.5592,0.0249
3421_dehazed.png,7.7153,50.7083,0.0230
3422_dehazed.png,7.7121,50.6637,0.0189
3423_dehazed.png,7.7113,50.6361,0.0279
3424_dehazed.png,7.7104,50.6383,0.0252
3425_dehazed.png,7.71,50.648,0.0200
3426_dehazed.png,7.7095,50.6561,0.0260
3427_dehazed.png,7.7087,50.6614,0.0266
3428_dehazed.png,7.7087,50.658,0.0244
3429_dehazed.png,7.7087,50.6597,0.0244
3430_dehazed.png,7.7083,50.6544,0.0203
3431_dehazed.png,7.7083,50.6612,0.0197
3432_dehazed.png,7.7081,50.6575,0.0256
3433_dehazed.png,7.7182,50.7797,0.0192
3434_dehazed.png,7.7134,50.703,0.0214
3435_dehazed.png,7.7127,50.6903,0.0202
3436_dehazed.png,7.712,50.6826,0.0210
3437_dehazed.png,7.7119,50.6848,0.0285
3438_dehazed.png,7.7113,50.6858,0.0261
3439_dehazed.png,7.7112,50.6882,0.0192
3440_dehazed.png,7.7109,50.6928,0.0255
3441_dehazed.png,7.7106,50.6905,0.0284
3442_dehazed.png,7.7102,50.6923,0.0300
3443_dehazed.png,7.7103,50.695,0.0298
3444_dehazed.png,7.7102,50.6894,0.0192
3445_dehazed.png,7.7159,50.8061,0.0243
3446_dehazed.png,7.7101,50.7338,0.0227
3447_dehazed.png,7.7086,50.7196,0.0235
3448_dehazed.png,7.7077,50.7182,0.0238
3449_dehazed.png,7.7083,50.7266,0.0228
3450_dehazed.png,7.7078,50.7186,0.0231
3451_dehazed.png,7.7064,50.6175,0.0196
3452_dehazed.png,7.7058,50.6086,0.0284
3453_dehazed.png,7.706,50.603,0.0277
3454_dehazed.png,7.7062,50.6139,0.0297
3455_dehazed.png,7.7063,50.6124,0.0252
3456_dehazed.png,7.7066,50.6158,0.0195
3457_dehazed.png,7.7139,50.5365,0.0302
3458_dehazed.png,7.7093,50.4951,0.0224
3459_dehazed.png,7.709,50.4836,0.0209
3460_dehazed.png,7.7088,50.4848,0.0231
3461_dehazed.png,7.7086,50.4862,0.0213
3462_dehazed.png,7.7086,50.4874,0.0218
3463_dehazed.png,7.708,50.4877,0.0199
3464_dehazed.png,7.7072,50.4894,0.0252
3465_dehazed.png,7.7071,50.5022,0.0266
3466_dehazed.png,7.7068,50.4997,0.0245
3467_dehazed.png,7.7062,50.5017,0.0233
3468_dehazed.png,7.7069,50.5105,0.0297
3469_dehazed.png,7.7162,50.7002,0.0285
3470_dehazed.png,7.7112,50.6669,0.0214
3471_dehazed.png,7.7091,50.6416,0.0218
3472_dehazed.png,7.7087,50.6361,0.0189
3473_dehazed.png,7.708,50.6342,0.0275
3474_dehazed.png,7.7082,50.6414,0.0248
3475_dehazed.png,7.7081,50.6307,0.0298
3476_dehazed.png,7.7071,50.6245,0.0207
3477_dehazed.png,7.7068,50.6353,0.0190
3478_dehazed.png,7.7067,50.6411,0.0259
3479_dehazed.png,7.7065,50.6418,0.0294
3480_dehazed.png,7.7063,50.6531,0.0246
3481_dehazed.png,7.7123,50.7949,0.0236
3482_dehazed.png,7.7064,50.7287,0.0226
3483_dehazed.png,7.7056,50.7157,0.0269
3484_dehazed.png,7.7051,50.7172,0.0228
3485_dehazed.png,7.7057,50.7141,0.0267
3486_dehazed.png,7.7054,50.7118,0.0265
3487_dehazed.png,7.7047,50.7069,0.0247
3488_dehazed.png,7.7043,50.7143,0.0226
3489_dehazed.png,7.7045,50.7204,0.0241
3490_dehazed.png,7.7044,50.7161,0.0230
3491_dehazed.png,7.7048,50.7216,0.0274
3492_dehazed.png,7.7047,50.7241,0.0268
3493_dehazed.png,7.7129,50.8314,0.0190
3494_dehazed.png,7.7073,50.7945,0.0216
3495_dehazed.png,7.7062,50.7643,0.0283
3496_dehazed.png,7.7057,50.766,0.0266
3497_dehazed.png,7.7056,50.7606,0.0251
3498_dehazed.png,7.706,50.7621,0.0194
3499_dehazed.png,7.7054,50.7549,0.0267
3500_dehazed.png,7.7057,50.7519,0.0208
3501_dehazed.png,7.7024,50.6284,0.0302
3502_dehazed.png,7.702,50.6054,0.0261
3503_dehazed.png,7.7017,50.6116,0.0291
3504_dehazed.png,7.7012,50.6103,0.0227
3505_dehazed.png,7.7091,50.4521,0.0212
3506_dehazed.png,7.705,50.3918,0.0258
3507_dehazed.png,7.7036,50.3945,0.0198
3508_dehazed.png,7.7033,50.3974,0.0295
3509_dehazed.png,7.7035,50.3896,0.0302
3510_dehazed.png,7.7029,50.3985,0.0196
3511_dehazed.png,7.7028,50.3918,0.0301
3512_dehazed.png,7.7023,50.3909,0.0194
3513_dehazed.png,7.7019,50.3776,0.0267
3514_dehazed.png,7.7014,50.371,0.0190
3515_dehazed.png,7.7014,50.3653,0.0204
3516_dehazed.png,7.701,50.3679,0.0290
3517_dehazed.png,7.7067,50.5532,0.0301
3518_dehazed.png,7.7021,50.4963,0.0203
3519_dehazed.png,7.7015,50.4777,0.0283
3520_dehazed.png,7.6999,50.4792,0.0229
3521_dehazed.png,7.7002,50.4749,0.0221
3522_dehazed.png,7.6998,50.4805,0.0294
3523_dehazed.png,7.6994,50.4755,0.0273
3524_dehazed.png,7.6993,50.4691,0.0239
3525_dehazed.png,7.699,50.4681,0.0237
3526_dehazed.png,7.6989,50.4666,0.0205
3527_dehazed.png,7.6985,50.4733,0.0253
3528_dehazed.png,7.6984,50.4734,0.0237
3529_dehazed.png,7.7057,50.6021,0.0242
3530_dehazed.png,7.7031,50.5354,0.0202
3531_dehazed.png,7.7016,50.5176,0.0234
3532_dehazed.png,7.7015,50.5179,0.0284
3533_dehazed.png,7.7013,50.5261,0.0208
3534_dehazed.png,7.7003,50.5187,0.0204
3535_dehazed.png,7.6999,50.5118,0.0280
3536_dehazed.png,7.6997,50.5203,0.0281
3537_dehazed.png,7.6994,50.5233,0.0209
3538_dehazed.png,7.6993,50.5221,0.0257
3539_dehazed.png,7.6996,50.5444,0.0190
3540_dehazed.png,7.6995,50.5418,0.0261
3541_dehazed.png,7.7062,50.7373,0.0257
3542_dehazed.png,7.701,50.6968,0.0302
3543_dehazed.png,7.696,50.6605,0.0297
3544_dehazed.png,7.694,50.6219,0.0300
3545_dehazed.png,7.6925,50.6171,0.0260
3546_dehazed.png,7.6918,50.6604,0.0239
3547_dehazed.png,7.6912,50.6618,0.0227
3548_dehazed.png,7.6894,50.6448,0.0265
3549_dehazed.png,7.6878,50.6588,0.0217
3550_dehazed.png,7.6859,50.6036,0.0273
3551_dehazed.png,7.6815,50.4397,0.0237
3552_dehazed.png,7.6781,50.4212,0.0299
3553_dehazed.png,7.6855,50.2463,0.0207
3554_dehazed.png,7.682,50.2705,0.0238
3555_dehazed.png,7.6825,50.2304,0.0252
3556_dehazed.png,7.6836,50.218,0.0240
3557_dehazed.png,7.6879,50.3028,0.0267
3558_dehazed.png,7.692,50.2836,0.0250
3559_dehazed.png,7.695,50.2543,0.0287
3560_dehazed.png,7.6957,50.2028,0.0266
3561_dehazed.png,7.6976,50.1406,0.0209
3562_dehazed.png,7.6989,50.1317,0.0279
3563_dehazed.png,7.6998,50.0539,0.0248
3564_dehazed.png,7.7017,50.0143,0.0199
3565_dehazed.png,7.7056,50.2486,0.0287
3566_dehazed.png,7.6972,50.2038,0.0284
3567_dehazed.png,7.6898,50.1724,0.0221
3568_dehazed.png,7.6849,50.1245,0.0213
3569_dehazed.png,7.6821,50.1049,0.0236
3570_dehazed.png,7.681,50.1013,0.0240
3571_dehazed.png,7.6786,50.0254,0.0282
3572_dehazed.png,7.6784,50.0834,0.0192
3573_dehazed.png,7.6786,50.1395,0.0251
3574_dehazed.png,7.6821,50.2457,0.0261
3575_dehazed.png,7.6845,50.3511,0.0226
3576_dehazed.png,7.6851,50.3363,0.0289
3577_dehazed.png,7.6916,50.4507,0.0206
3578_dehazed.png,7.6906,50.4799,0.0227
3579_dehazed.png,7.6929,50.501,0.0236
3580_dehazed.png,7.6938,50.47,0.0232
3581_dehazed.png,7.6943,50.4257,0.0290
3582_dehazed.png,7.6933,50.0917,0.0211
3583_dehazed.png,7.6931,49.7746,0.0249
3584_dehazed.png,7.6939,49.6267,0.0226
3585_dehazed.png,7.6952,49.5924,0.0232
3586_dehazed.png,7.6957,49.5629,0.0263
3587_dehazed.png,7.6961,49.5434,0.0241
3588_dehazed.png,7.6958,49.5278,0.0193
3589_dehazed.png,7.6991,49.6101,0.0269
3590_dehazed.png,7.6949,49.5247,0.0264
3591_dehazed.png,7.6951,49.5042,0.0192
3592_dehazed.png,7.6932,49.4658,0.0256
3593_dehazed.png,7.6927,49.5353,0.0254
3594_dehazed.png,7.6923,49.5192,0.0208
3595_dehazed.png,7.6924,49.5414,0.0263
3596_dehazed.png,7.6923,49.6222,0.0278
3597_dehazed.png,7.6927,49.6849,0.0226
3598_dehazed.png,7.6941,49.7315,0.0209
3599_dehazed.png,7.694,49.7939,0.0214
3600_dehazed.png,7.6965,49.9153,0.0264
3601_dehazed.png,7.6987,49.4283,0.0261
3602_dehazed.png,7.6969,49.4098,0.0287
3603_dehazed.png,7.6956,49.358,0.0249
3604_dehazed.png,7.695,49.3026,0.0293
3605_dehazed.png,7.6927,49.2726,0.0217
3606_dehazed.png,7.6908,49.1809,0.0252
3607_dehazed.png,7.6906,48.9441,0.0214
3608_dehazed.png,7.6909,48.8315,0.0198
3609_dehazed.png,7.6922,48.7698,0.0279
3610_dehazed.png,7.6914,48.6636,0.0278
3611_dehazed.png,7.6902,48.5585,0.0282
3612_dehazed.png,7.6896,48.4915,0.0245
3613_dehazed.png,7.6919,48.5626,0.0256
3614_dehazed.png,7.6881,48.4441,0.0252
3615_dehazed.png,7.688,48.407,0.0194
3616_dehazed.png,7.6871,48.3,0.0227
3617_dehazed.png,7.6874,48.1927,0.0212
3618_dehazed.png,7.6874,48.1365,0.0277
3619_dehazed.png,7.6881,48.1223,0.0231
3620_dehazed.png,7.6883,48.087,0.0196
3621_dehazed.png,7.6874,48.0664,0.0288
3622_dehazed.png,7.6876,48.0707,0.0281
3623_dehazed.png,7.687,48.0705,0.0289
3624_dehazed.png,7.6872,48.0738,0.0257
3625_dehazed.png,7.6907,48.1861,0.0245
3626_dehazed.png,7.6865,48.044,0.0294
3627_dehazed.png,7.6856,48.0236,0.0225
3628_dehazed.png,7.6851,48.041,0.0296
3629_dehazed.png,7.6856,48.0951,0.0298
3630_dehazed.png,7.6866,48.1814,0.0214
3631_dehazed.png,7.6864,48.2046,0.0209
3632_dehazed.png,7.6858,48.2215,0.0189
3633_dehazed.png,7.6858,48.2505,0.0284
3634_dehazed.png,7.6864,48.3166,0.0235
3635_dehazed.png,7.6874,48.3641,0.0231
3636_dehazed.png,7.6877,48.3859,0.0256
3637_dehazed.png,7.691,48.6513,0.0233
3638_dehazed.png,7.6887,48.6039,0.0214
3639_dehazed.png,7.6868,48.6189,0.0200
3640_dehazed.png,7.6865,48.6303,0.0260
3641_dehazed.png,7.6849,48.6379,0.0263
3642_dehazed.png,7.6842,48.6107,0.0236
3643_dehazed.png,7.6837,48.5756,0.0271
3644_dehazed.png,7.6835,48.5632,0.0265
3645_dehazed.png,7.6833,48.5318,0.0199
3646_dehazed.png,7.6827,48.5074,0.0292
3647_dehazed.png,7.6828,48.5118,0.0250
3648_dehazed.png,7.6824,48.4931,0.0234
3649_dehazed.png,7.6886,48.6917,0.0261
3650_dehazed.png,7.6853,48.6337,0.0223
3651_dehazed.png,7.6835,48.5535,0.0283
3652_dehazed.png,7.682,48.5401,0.0283
3653_dehazed.png,7.6822,48.5444,0.0241
3654_dehazed.png,7.6813,48.546,0.0284
3655_dehazed.png,7.6816,48.5463,0.0226
3656_dehazed.png,7.6814,48.5505,0.0255
3657_dehazed.png,7.6815,48.5627,0.0267
3658_dehazed.png,7.6815,48.5671,0.0245
3659_dehazed.png,7.681,48.5877,0.0268
3660_dehazed.png,7.6811,48.6027,0.0271
3661_dehazed.png,7.6903,48.7545,0.0203
3662_dehazed.png,7.6887,48.715,0.0282
3663_dehazed.png,7.6886,48.6938,0.0254
3664_dehazed.png,7.6878,48.6978,0.0264
3665_dehazed.png,7.6883,48.6933,0.0298
3666_dehazed.png,7.6881,48.6979,0.0236
3667_dehazed.png,7.688,48.7023,0.0218
3668_dehazed.png,7.6877,48.7125,0.0190
3669_dehazed.png,7.6873,48.7108,0.0237
3670_dehazed.png,7.6872,48.7239,0.0196
3671_dehazed.png,7.6872,48.7238,0.0285
3672_dehazed.png,7.6867,48.7273,0.0199
3673_dehazed.png,7.6918,49.0296,0.0229
3674_dehazed.png,7.6893,48.9836,0.0270
3675_dehazed.png,7.6898,48.9668,0.0194
3676_dehazed.png,7.6889,48.9618,0.0231
3677_dehazed.png,7.6889,48.959,0.0198
3678_dehazed.png,7.6884,48.9654,0.0194
3679_dehazed.png,7.6884,48.9632,0.0291
3680_dehazed.png,7.6875,48.9657,0.0246
3681_dehazed.png,7.6874,48.9744,0.0275
3682_dehazed.png,7.6872,48.9684,0.0290
3683_dehazed.png,7.6873,48.9831,0.0302
3684_dehazed.png,7.6873,48.988,0.0223
3685_dehazed.png,7.6928,49.1978,0.0226
3686_dehazed.png,7.6898,49.1553,0.0277
3687_dehazed.png,7.6885,49.1198,0.0242
3688_dehazed.png,7.6879,49.1175,0.0196
3689_dehazed.png,7.6878,49.1171,0.0263
3690_dehazed.png,7.6879,49.1208,0.0242
3691_dehazed.png,7.6881,49.1134,0.0252
3692_dehazed.png,7.6881,49.1206,0.0286
3693_dehazed.png,7.6875,49.1267,0.0218
3694_dehazed.png,7.6875,49.129,0.0204
3695_dehazed.png,7.6873,49.1269,0.0290
3696_dehazed.png,7.6878,49.1326,0.0233
3697_dehazed.png,7.6932,49.3352,0.0291
3698_dehazed.png,7.6898,49.2764,0.0208
3699_dehazed.png,7.6895,49.2566,0.0271
3700_dehazed.png,7.6882,49.2627,0.0195
3701_dehazed.png,7.69,49.1766,0.0261
3702_dehazed.png,7.6895,49.1808,0.0234
3703_dehazed.png,7.6896,49.2073,0.0241
3704_dehazed.png,7.6896,49.1928,0.0271
3705_dehazed.png,7.6892,49.1426,0.0297
3706_dehazed.png,7.6886,49.1318,0.0192
3707_dehazed.png,7.6888,49.1291,0.0285
3708_dehazed.png,7.6887,49.1362,0.0290
3709_dehazed.png,7.6939,49.0757,0.0222
3710_dehazed.png,7.6901,49.0147,0.0218
3711_dehazed.png,7.6898,48.965,0.0252
3712_dehazed.png,7.6898,48.9542,0.0191
3713_dehazed.png,7.6888,48.937,0.0271
3714_dehazed.png,7.6889,48.9461,0.0296
3715_dehazed.png,7.6883,48.9488,0.0238
3716_dehazed.png,7.6881,48.9624,0.0273
3717_dehazed.png,7.6877,48.9836,0.0229
3718_dehazed.png,7.6879,48.9938,0.0269
3719_dehazed.png,7.6884,49.0053,0.0234
3720_dehazed.png,7.6878,48.9944,0.0296
3721_dehazed.png,7.6925,49.2133,0.0267
3722_dehazed.png,7.6896,49.1414,0.0272
3723_dehazed.png,7.6883,49.1287,0.0220
3724_dehazed.png,7.6873,49.1172,0.0263
3725_dehazed.png,7.6876,49.1219,0.0298
3726_dehazed.png,7.6875,49.1266,0.0255
3727_dehazed.png,7.6876,49.1308,0.0297
3728_dehazed.png,7.6876,49.1332,0.0217
3729_dehazed.png,7.6879,49.1417,0.0195
3730_dehazed.png,7.6875,49.1501,0.0267
3731_dehazed.png,7.6876,49.1459,0.0272
3732_dehazed.png,7.6875,49.1566,0.0265
3733_dehazed.png,7.6935,49.325,0.0275
3734_dehazed.png,7.6919,49.2711,0.0218
3735_dehazed.png,7.6907,49.2621,0.0203
3736_dehazed.png,7.6902,49.2641,0.0225
3737_dehazed.png,7.6903,49.2523,0.0201
3738_dehazed.png,7.6894,49.2613,0.0197
3739_dehazed.png,7.6884,49.2659,0.0286
3740_dehazed.png,7.6882,49.2636,0.0284
3741_dehazed.png,7.6883,49.2692,0.0235
3742_dehazed.png,7.6886,49.2627,0.0221
3743_dehazed.png,7.6891,49.2717,0.0264
3744_dehazed.png,7.6893,49.2858,0.0190
3745_dehazed.png,7.6932,49.41,0.0204
3746_dehazed.png,7.6902,49.3332,0.0194
3747_dehazed.png,7.6908,49.2825,0.0253
3748_dehazed.png,7.6894,49.2571,0.0240
3749_dehazed.png,7.6904,49.2248,0.0214
3750_dehazed.png,7.6901,49.2006,0.0276
3751_dehazed.png,7.6877,49.0471,0.0215
3752_dehazed.png,7.6887,49.0498,0.0233
3753_dehazed.png,7.6886,49.0695,0.0280
3754_dehazed.png,7.6885,49.0579,0.0215
3755_dehazed.png,7.69,49.1308,0.0260
3756_dehazed.png,7.69,49.1856,0.0217
3757_dehazed.png,7.6963,49.1109,0.0213
3758_dehazed.png,7.6939,49.052,0.0274
3759_dehazed.png,7.6917,49.0104,0.0209
3760_dehazed.png,7.6903,48.9481,0.0190
3761_dehazed.png,7.6891,48.8615,0.0275
3762_dehazed.png,7.6881,48.8233,0.0296
3763_dehazed.png,7.6885,48.8172,0.0210
3764_dehazed.png,7.6873,48.8144,0.0294
3765_dehazed.png,7.6879,48.8164,0.0210
3766_dehazed.png,7.6884,48.8314,0.0247
3767_dehazed.png,7.6888,48.8327,0.0255
3768_dehazed.png,7.6882,48.8282,0.0295
3769_dehazed.png,7.6925,49.0678,0.0222
3770_dehazed.png,7.6912,49.0417,0.0222
3771_dehazed.png,7.6906,49.0383,0.0217
3772_dehazed.png,7.69,49.0494,0.0264
3773_dehazed.png,7.6897,49.0665,0.0263
3774_dehazed.png,7.6898,49.072,0.0207
3775_dehazed.png,7.6894,49.0657,0.0232
3776_dehazed.png,7.6894,49.0699,0.0202
3777_dehazed.png,7.6891,49.076,0.0212
3778_dehazed.png,7.6882,49.0814,0.0241
3779_dehazed.png,7.6879,49.0933,0.0220
3780_dehazed.png,7.6882,49.1032,0.0197
3781_dehazed.png,7.6939,49.3668,0.0294
3782_dehazed.png,7.6914,49.3097,0.0291
3783_dehazed.png,7.6916,49.3114,0.0204
3784_dehazed.png,7.6912,49.325,0.0218
3785_dehazed.png,7.6909,49.3293,0.0300
3786_dehazed.png,7.6909,49.3417,0.0293
3787_dehazed.png,7.6902,49.3475,0.0291
3788_dehazed.png,7.6909,49.3558,0.0192
3789_dehazed.png,7.6907,49.3519,0.0295
3790_dehazed.png,7.6909,49.3564,0.0235
3791_dehazed.png,7.691,49.3584,0.0265
3792_dehazed.png,7.691,49.3599,0.0212
3793_dehazed.png,7.6969,49.5349,0.0254
3794_dehazed.png,7.6937,49.4687,0.0250
3795_dehazed.png,7.6934,49.4543,0.0279
3796_dehazed.png,7.6929,49.4626,0.0208
3797_dehazed.png,7.6927,49.4549,0.0252
3798_dehazed.png,7.6932,49.4555,0.0287
3799_dehazed.png,7.6923,49.4623,0.0265
3800_dehazed.png,7.6918,49.4589,0.0235
3801_dehazed.png,7.689,49.3682,0.0224
3802_dehazed.png,7.6887,49.3541,0.0205
3803_dehazed.png,7.6887,49.3523,0.0270
3804_dehazed.png,7.6885,49.3607,0.0234
3805_dehazed.png,7.6927,49.2866,0.0254
3806_dehazed.png,7.6887,49.2619,0.0269
3807_dehazed.png,7.6889,49.2457,0.0290
3808_dehazed.png,7.689,49.2378,0.0269
3809_dehazed.png,7.6894,49.2475,0.0233
3810_dehazed.png,7.6888,49.246,0.0226
3811_dehazed.png,7.6887,49.2414,0.0242
3812_dehazed.png,7.6893,49.2432,0.0210
3813_dehazed.png,7.6888,49.2496,0.0226
3814_dehazed.png,7.6885,49.2462,0.0297
3815_dehazed.png,7.6896,49.2474,0.0274
3816_dehazed.png,7.6892,49.2546,0.0244
3817_dehazed.png,7.6924,49.4404,0.0298
3818_dehazed.png,7.6889,49.392,0.0192
3819_dehazed.png,7.6888,49.3715,0.0190
3820_dehazed.png,7.6881,49.3739,0.0275
3821_dehazed.png,7.6881,49.3825,0.0199
3822_dehazed.png,7.6878,49.3908,0.0207
3823_dehazed.png,7.6877,49.388,0.0268
3824_dehazed.png,7.6873,49.3881,0.0235
3825_dehazed.png,7.6874,49.3907,0.0246
3826_dehazed.png,7.6874,49.3953,0.0278
3827_dehazed.png,7.6869,49.4064,0.0240
3828_dehazed.png,7.6871,49.4065,0.0271
3829_dehazed.png,7.6943,49.5317,0.0272
3830_dehazed.png,7.6917,49.4634,0.0268
3831_dehazed.png,7.6916,49.454,0.0243
3832_dehazed.png,7.6913,49.4524,0.0208
3833_dehazed.png,7.6909,49.4426,0.0208
3834_dehazed.png,7.6906,49.4407,0.0215
3835_dehazed.png,7.6906,49.4497,0.0229
3836_dehazed.png,7.6904,49.4553,0.0237
3837_dehazed.png,7.6899,49.4536,0.0256
3838_dehazed.png,7.6892,49.4599,0.0287
3839_dehazed.png,7.6891,49.4462,0.0208
3840_dehazed.png,7.6889,49.4397,0.0243
3841_dehazed.png,7.6943,49.529,0.0242
3842_dehazed.png,7.6922,49.4658,0.0284
3843_dehazed.png,7.692,49.4703,0.0233
3844_dehazed.png,7.6913,49.47,0.0225
3845_dehazed.png,7.6914,49.4707,0.0271
3846_dehazed.png,7.691,49.4629,0.0283
3847_dehazed.png,7.6909,49.4626,0.0276
3848_dehazed.png,7.6897,49.4668,0.0286
3849_dehazed.png,7.6898,49.4724,0.0286
3850_dehazed.png,7.6889,49.4701,0.0261
3851_dehazed.png,7.6879,49.3729,0.0259
3852_dehazed.png,7.6872,49.3525,0.0241
3853_dehazed.png,7.6939,49.2629,0.0230
3854_dehazed.png,7.6894,49.2175,0.0219
3855_dehazed.png,7.6885,49.2057,0.0259
3856_dehazed.png,7.6878,49.2022,0.0230
3857_dehazed.png,7.6876,49.2014,0.0226
3858_dehazed.png,7.6875,49.196,0.0261
3859_dehazed.png,7.6868,49.1879,0.0200
3860_dehazed.png,7.6866,49.1811,0.0257
3861_dehazed.png,7.6871,49.179,0.0211
3862_dehazed.png,7.6871,49.1866,0.0214
3863_dehazed.png,7.6872,49.1955,0.0247
3864_dehazed.png,7.6865,49.1917,0.0220
3865_dehazed.png,7.6939,49.4413,0.0299
3866_dehazed.png,7.6899,49.3817,0.0218
3867_dehazed.png,7.6905,49.3624,0.0275
3868_dehazed.png,7.6903,49.3503,0.0207
3869_dehazed.png,7.6901,49.3407,0.0239
3870_dehazed.png,7.6904,49.3421,0.0272
3871_dehazed.png,7.6902,49.344,0.0280
3872_dehazed.png,7.6901,49.3403,0.0207
3873_dehazed.png,7.6895,49.3402,0.0299
3874_dehazed.png,7.6895,49.3393,0.0206
3875_dehazed.png,7.6899,49.3276,0.0251
3876_dehazed.png,7.6899,49.343,0.0259
3877_dehazed.png,7.6956,49.5228,0.0268
3878_dehazed.png,7.6918,49.4569,0.0212
3879_dehazed.png,7.6905,49.4277,0.0296
3880_dehazed.png,7.6898,49.4211,0.0248
3881_dehazed.png,7.69,49.4113,0.0227
3882_dehazed.png,7.6892,49.4124,0.0242
3883_dehazed.png,7.6898,49.4153,0.0213
3884_dehazed.png,7.6897,49.4121,0.0296
3885_dehazed.png,7.6889,49.4114,0.0200
3886_dehazed.png,7.6887,49.4083,0.0209
3887_dehazed.png,7.689,49.4061,0.0224
3888_dehazed.png,7.6892,49.4239,0.0298
3889_dehazed.png,7.6963,49.5682,0.0222
3890_dehazed.png,7.6932,49.5062,0.0281
3891_dehazed.png,7.6917,49.4866,0.0266
3892_dehazed.png,7.6914,49.4821,0.0296
3893_dehazed.png,7.6921,49.4766,0.0212
3894_dehazed.png,7.6919,49.4744,0.0290
3895_dehazed.png,7.6912,49.4767,0.0198
3896_dehazed.png,7.6905,49.4724,0.0222
3897_dehazed.png,7.6908,49.4818,0.0228
3898_dehazed.png,7.6904,49.484,0.0264
3899_dehazed.png,7.6912,49.4813,0.0214
3900_dehazed.png,7.6909,49.4895,0.0289
3901_dehazed.png,7.6954,49.2176,0.0299
3902_dehazed.png,7.6923,49.1804,0.0195
3903_dehazed.png,7.6905,49.1576,0.0193
3904_dehazed.png,7.6906,49.1486,0.0244
3905_dehazed.png,7.6908,49.1565,0.0237
3906_dehazed.png,7.6897,49.18,0.0242
3907_dehazed.png,7.6897,49.2112,0.0278
3908_dehazed.png,7.6896,49.2436,0.0291
3909_dehazed.png,7.6893,49.2024,0.0271
3910_dehazed.png,7.6884,49.1657,0.0282
3911_dehazed.png,7.6888,49.1602,0.0300
3912_dehazed.png,7.6897,49.1751,0.0252
3913_dehazed.png,7.6966,49.4096,0.0193
3914_dehazed.png,7.6933,49.3589,0.0229
3915_dehazed.png,7.6927,49.3255,0.0213
3916_dehazed.png,7.6921,49.3192,0.0211
3917_dehazed.png,7.6917,49.3243,0.0246
3918_dehazed.png,7.6917,49.3221,0.0273
3919_dehazed.png,7.692,49.3263,0.0295
3920_dehazed.png,7.6915,49.3263,0.0275
3921_dehazed.png,7.6917,49.332,0.0199
3922_dehazed.png,7.6918,49.3357,0.0298
3923_dehazed.png,7.6918,49.3478,0.0267
3924_dehazed.png,7.6909,49.3473,0.0267
3925_dehazed.png,7.6979,49.5173,0.0244
3926_dehazed.png,7.6941,49.4683,0.0301
3927_dehazed.png,7.6937,49.4527,0.0279
3928_dehazed.png,7.6931,49.4471,0.0285
3929_dehazed.png,7.6933,49.4481,0.0292
3930_dehazed.png,7.6928,49.4649,0.0223
3931_dehazed.png,7.6925,49.4578,0.0274
3932_dehazed.png,7.6921,49.4661,0.0281
3933_dehazed.png,7.6923,49.4643,0.0249
3934_dehazed.png,7.6916,49.4681,0.0225
3935_dehazed.png,7.6922,49.4762,0.0266
3936_dehazed.png,7.6923,49.4813,0.0218
3937_dehazed.png,7.6965,49.5843,0.0199
3938_dehazed.png,7.6931,49.5207,0.0220
3939_dehazed.png,7.6924,49.5031,0.0277
3940_dehazed.png,7.6921,49.4981,0.0191
3941_dehazed.png,7.6909,49.4929,0.0232
3942_dehazed.png,7.6912,49.4939,0.0250
3943_dehazed.png,7.6913,49.4957,0.0194
3944_dehazed.png,7.6915,49.4977,0.0291
3945_dehazed.png,7.6919,49.5137,0.0200
3946_dehazed.png,7.6917,49.53,0.0199
3947_dehazed.png,7.691,49.56,0.0262
3948_dehazed.png,7.6912,49.5753,0.0279
3949_dehazed.png,7.6978,49.72,0.0204
3950_dehazed.png,7.6953,49.6278,0.0237
3951_dehazed.png,7.6914,49.4401,0.0270
3952_dehazed.png,7.6904,49.3876,0.0288
3953_dehazed.png,7.6898,49.2992,0.0227
3954_dehazed.png,7.6896,49.2635,0.0225
3955_dehazed.png,7.6884,49.2772,0.0207
3956_dehazed.png,7.6884,49.2796,0.0227
3957_dehazed.png,7.6874,49.2735,0.0238
3958_dehazed.png,7.6878,49.256,0.0301
3959_dehazed.png,7.6875,49.2344,0.0233
3960_dehazed.png,7.687,49.2665,0.0192
3961_dehazed.png,7.6929,49.212,0.0256
3962_dehazed.png,7.6888,49.188,0.0297
3963_dehazed.png,7.6888,49.1842,0.0217
3964_dehazed.png,7.6881,49.1856,0.0213
3965_dehazed.png,7.6883,49.196,0.0193
3966_dehazed.png,7.6885,49.1999,0.0210
3967_dehazed.png,7.6878,49.2039,0.0299
3968_dehazed.png,7.6877,49.2092,0.0211
3969_dehazed.png,7.6882,49.2267,0.0253
3970_dehazed.png,7.6882,49.2429,0.0295
3971_dehazed.png,7.6885,49.2544,0.0302
3972_dehazed.png,7.6886,49.2663,0.0302
3973_dehazed.png,7.6962,49.4581,0.0233
3974_dehazed.png,7.694,49.4171,0.0234
3975_dehazed.png,7.6917,49.4063,0.0228
3976_dehazed.png,7.6912,49.4008,0.0297
3977_dehazed.png,7.6916,49.3909,0.0238
3978_dehazed.png,7.692,49.3916,0.0291
3979_dehazed.png,7.6921,49.3554,0.0236
3980_dehazed.png,7.6915,49.3496,0.0263
3981_dehazed.png,7.6915,49.3099,0.0239
3982_dehazed.png,7.6915,49.2783,0.0238
3983_dehazed.png,7.6913,49.2642,0.0243
3984_dehazed.png,7.6909,49.2767,0.0211
3985_dehazed.png,7.6974,49.4473,0.0229
3986_dehazed.png,7.6941,49.3793,0.0248
3987_dehazed.png,7.6926,49.3968,0.0288
3988_dehazed.png,7.6934,49.4133,0.0256
3989_dehazed.png,7.6931,49.399,0.0300
3990_dehazed.png,7.6939,49.387,0.0249
3991_dehazed.png,7.6947,49.3587,0.0211
3992_dehazed.png,7.6941,49.3478,0.0295
3993_dehazed.png,7.696,49.3125,0.0301
3994_dehazed.png,7.6967,49.3241,0.0204
3995_dehazed.png,7.6951,49.2635,0.0259
3996_dehazed.png,7.6958,49.1831,0.0236
3997_dehazed.png,7.6972,49.1209,0.0229
3998_dehazed.png,7.694,49.0026,0.0291
3999_dehazed.png,7.6926,48.8883,0.0213
